{"stats":{"minecraft:used":{"minecraft:stone_shovel":127,"minecraft:stone_pickaxe":143,"minecraft:oak_planks":83,"minecraft:wooden_pickaxe":250,"minecraft:oak_door":1,"minecraft:torch":4,"minecraft:dirt":35,"minecraft:mutton":3,"minecraft:crafting_table":3,"minecraft:white_bed":1,"minecraft:granite":1,"minecraft:oak_log":23,"minecraft:wooden_axe":52,"minecraft:bread":9,"minecraft:wooden_sword":64,"minecraft:cobblestone":84,"minecraft:andesite":5},"minecraft:picked_up":{"minecraft:wooden_axe":4,"minecraft:crafting_table":2,"minecraft:feather":2,"minecraft:chicken":1,"minecraft:andesite":8,"minecraft:leather":6,"minecraft:wooden_pickaxe":2,"minecraft:oak_log":94,"minecraft:lapis_lazuli":120,"minecraft:dirt":95,"minecraft:wooden_sword":2,"minecraft:wheat_seeds":12,"minecraft:beef":2,"minecraft:stone_pickaxe":2,"minecraft:poppy":6,"minecraft:bamboo":12,"minecraft:oak_planks":9,"minecraft:stick":69,"minecraft:raw_iron":10,"minecraft:dandelion":3,"minecraft:acacia_log":7,"minecraft:diorite":21,"minecraft:rotten_flesh":3,"minecraft:granite":45,"minecraft:bread":39,"minecraft:oak_sapling":7,"minecraft:mutton":11,"minecraft:coal":57,"minecraft:white_wool":7,"minecraft:cobblestone":390},"minecraft:mined":{"minecraft:dandelion":3,"minecraft:crafting_table":2,"minecraft:glow_lichen":1,"minecraft:granite":23,"minecraft:short_grass":106,"minecraft:acacia_log":7,"minecraft:grass_block":46,"minecraft:poppy":6,"minecraft:cobblestone":5,"minecraft:lapis_ore":6,"minecraft:oak_planks":4,"minecraft:diorite":7,"minecraft:iron_ore":10,"minecraft:andesite":5,"minecraft:birch_leaves":1,"minecraft:coal_ore":43,"minecraft:oak_log":91,"minecraft:dirt":12,"minecraft:bamboo":2,"minecraft:stone":247,"minecraft:oak_leaves":30},"minecraft:dropped":{"minecraft:cobblestone":112},"minecraft:broken":{"minecraft:stone_pickaxe":1,"minecraft:wooden_sword":1,"minecraft:wooden_pickaxe":3},"minecraft:custom":{"minecraft:interact_with_furnace":3,"minecraft:mob_kills":8,"minecraft:interact_with_crafting_table":12,"minecraft:leave_game":5,"minecraft:time_since_death":3485,"minecraft:sleep_in_bed":3,"minecraft:time_since_rest":3566,"minecraft:sprint_one_cm":205980,"minecraft:damage_taken":2490,"minecraft:walk_one_cm":277984,"minecraft:drop":2,"minecraft:damage_dealt":1070,"minecraft:swim_one_cm":15546,"minecraft:fly_one_cm":33467,"minecraft:open_chest":12,"minecraft:crouch_one_cm":23,"minecraft:play_time":142211,"minecraft:deaths":8,"minecraft:sneak_time":5,"minecraft:walk_under_water_one_cm":13314,"minecraft:jump":768,"minecraft:interact_with_brewingstand":1,"minecraft:walk_on_water_one_cm":31204,"minecraft:total_world_time":142211,"minecraft:fall_one_cm":8968},"minecraft:killed":{"minecraft:sheep":3,"minecraft:zombie":2,"minecraft:chicken":1,"minecraft:drowned":1,"minecraft:cow":1},"minecraft:killed_by":{"minecraft:player":1,"minecraft:creeper":1,"minecraft:spider":1,"minecraft:zombie":3},"minecraft:crafted":{"minecraft:wooden_sword":4,"minecraft:oak_door":3,"minecraft:oak_planks":240,"minecraft:stone_shovel":1,"minecraft:crafting_table":1,"minecraft:wooden_pickaxe":7,"minecraft:stick":136,"minecraft:stone_pickaxe":4,"minecraft:wooden_axe":3,"minecraft:stone_sword":2,"minecraft:white_bed":1,"minecraft:torch":52,"minecraft:stone_hoe":1}},"DataVersion":3955}