{"stats":{"minecraft:used":{"minecraft:oak_log":23,"minecraft:bread":7,"minecraft:stone_pickaxe":59,"minecraft:oak_planks":3,"minecraft:wooden_pickaxe":250,"minecraft:wooden_sword":42,"minecraft:cobblestone":81},"minecraft:picked_up":{"minecraft:stick":1,"minecraft:raw_iron":10,"minecraft:andesite":3,"minecraft:leather":2,"minecraft:acacia_log":3,"minecraft:oak_log":62,"minecraft:diorite":7,"minecraft:lapis_lazuli":40,"minecraft:dirt":17,"minecraft:rotten_flesh":1,"minecraft:wheat_seeds":1,"minecraft:granite":15,"minecraft:beef":2,"minecraft:bread":37,"minecraft:bamboo":12,"minecraft:oak_sapling":3,"minecraft:mutton":4,"minecraft:coal":27,"minecraft:white_wool":2,"minecraft:cobblestone":257},"minecraft:mined":{"minecraft:iron_ore":10,"minecraft:andesite":3,"minecraft:birch_leaves":1,"minecraft:glow_lichen":1,"minecraft:granite":22,"minecraft:short_grass":8,"minecraft:acacia_log":3,"minecraft:oak_log":64,"minecraft:grass_block":4,"minecraft:coal_ore":28,"minecraft:dirt":7,"minecraft:cobblestone":3,"minecraft:bamboo":2,"minecraft:lapis_ore":6,"minecraft:stone":213,"minecraft:diorite":7,"minecraft:oak_leaves":17},"minecraft:broken":{"minecraft:wooden_pickaxe":3},"minecraft:dropped":{"minecraft:cobblestone":112},"minecraft:custom":{"minecraft:time_since_rest":51844,"minecraft:interact_with_furnace":3,"minecraft:sprint_one_cm":133018,"minecraft:damage_taken":810,"minecraft:walk_one_cm":181023,"minecraft:mob_kills":4,"minecraft:drop":2,"minecraft:damage_dealt":507,"minecraft:swim_one_cm":117,"minecraft:interact_with_crafting_table":7,"minecraft:fly_one_cm":21800,"minecraft:open_chest":12,"minecraft:crouch_one_cm":23,"minecraft:play_time":100778,"minecraft:deaths":2,"minecraft:sneak_time":5,"minecraft:walk_under_water_one_cm":2951,"minecraft:jump":543,"minecraft:interact_with_brewingstand":1,"minecraft:leave_game":3,"minecraft:walk_on_water_one_cm":14754,"minecraft:time_since_death":49289,"minecraft:sleep_in_bed":2,"minecraft:total_world_time":100778,"minecraft:fall_one_cm":8293},"minecraft:killed_by":{"minecraft:player":1,"minecraft:zombie":1},"minecraft:killed":{"minecraft:sheep":2,"minecraft:zombie":1,"minecraft:cow":1},"minecraft:crafted":{"minecraft:wooden_sword":4,"minecraft:oak_planks":136,"minecraft:stick":96,"minecraft:wooden_pickaxe":7,"minecraft:stone_pickaxe":1,"minecraft:wooden_axe":3,"minecraft:torch":16}},"DataVersion":3955}