{"stats":{"minecraft:used":{"minecraft:oak_log":23,"minecraft:wooden_axe":7,"minecraft:bread":9,"minecraft:stone_pickaxe":113,"minecraft:oak_planks":3,"minecraft:wooden_pickaxe":250,"minecraft:wooden_sword":59,"minecraft:cobblestone":84,"minecraft:andesite":5},"minecraft:picked_up":{"minecraft:wooden_axe":2,"minecraft:stick":33,"minecraft:raw_iron":10,"minecraft:andesite":8,"minecraft:leather":4,"minecraft:wooden_pickaxe":1,"minecraft:acacia_log":3,"minecraft:oak_log":62,"minecraft:diorite":14,"minecraft:lapis_lazuli":80,"minecraft:dirt":19,"minecraft:wooden_sword":1,"minecraft:rotten_flesh":2,"minecraft:wheat_seeds":3,"minecraft:stone_pickaxe":1,"minecraft:beef":2,"minecraft:granite":30,"minecraft:bread":39,"minecraft:bamboo":12,"minecraft:oak_sapling":6,"minecraft:mutton":8,"minecraft:coal":42,"minecraft:white_wool":4,"minecraft:cobblestone":325},"minecraft:mined":{"minecraft:iron_ore":10,"minecraft:birch_leaves":1,"minecraft:andesite":5,"minecraft:glow_lichen":1,"minecraft:granite":22,"minecraft:short_grass":9,"minecraft:acacia_log":3,"minecraft:oak_log":66,"minecraft:grass_block":5,"minecraft:coal_ore":43,"minecraft:dirt":8,"minecraft:cobblestone":5,"minecraft:bamboo":2,"minecraft:stone":247,"minecraft:lapis_ore":6,"minecraft:diorite":7,"minecraft:oak_leaves":19},"minecraft:broken":{"minecraft:wooden_pickaxe":3},"minecraft:dropped":{"minecraft:cobblestone":112},"minecraft:custom":{"minecraft:time_since_rest":6388,"minecraft:interact_with_furnace":3,"minecraft:sprint_one_cm":144394,"minecraft:damage_taken":2041,"minecraft:walk_one_cm":211580,"minecraft:mob_kills":5,"minecraft:drop":2,"minecraft:damage_dealt":751,"minecraft:swim_one_cm":4337,"minecraft:interact_with_crafting_table":7,"minecraft:fly_one_cm":24592,"minecraft:open_chest":12,"minecraft:crouch_one_cm":23,"minecraft:play_time":113649,"minecraft:deaths":6,"minecraft:sneak_time":5,"minecraft:walk_under_water_one_cm":7834,"minecraft:jump":622,"minecraft:interact_with_brewingstand":1,"minecraft:leave_game":4,"minecraft:walk_on_water_one_cm":29304,"minecraft:time_since_death":6347,"minecraft:sleep_in_bed":2,"minecraft:total_world_time":113649,"minecraft:fall_one_cm":8968},"minecraft:killed_by":{"minecraft:player":1,"minecraft:zombie":3},"minecraft:killed":{"minecraft:sheep":2,"minecraft:zombie":1,"minecraft:drowned":1,"minecraft:cow":1},"minecraft:crafted":{"minecraft:wooden_sword":4,"minecraft:oak_planks":136,"minecraft:stick":96,"minecraft:wooden_pickaxe":7,"minecraft:stone_pickaxe":1,"minecraft:wooden_axe":3,"minecraft:torch":16}},"DataVersion":3955}