{"stats":{"minecraft:used":{"minecraft:stone_axe":8,"minecraft:crafting_table":2,"minecraft:wooden_pickaxe":13},"minecraft:picked_up":{"minecraft:crafting_table":2,"minecraft:jungle_log":8,"minecraft:porkchop":7,"minecraft:light_gray_wool":1,"minecraft:mutton":1,"minecraft:dirt":11,"minecraft:cobblestone":11},"minecraft:mined":{"minecraft:short_grass":3,"minecraft:grass_block":2,"minecraft:vine":1,"minecraft:jungle_log":8,"minecraft:dirt":9,"minecraft:stone":11,"minecraft:crafting_table":2},"minecraft:custom":{"minecraft:time_since_rest":6820,"minecraft:crouch_one_cm":982,"minecraft:play_time":6820,"minecraft:sprint_one_cm":17415,"minecraft:damage_taken":20,"minecraft:walk_one_cm":7532,"minecraft:sneak_time":597,"minecraft:mob_kills":4,"minecraft:jump":94,"minecraft:damage_dealt":375,"minecraft:leave_game":1,"minecraft:time_since_death":6820,"minecraft:total_world_time":6820,"minecraft:interact_with_crafting_table":5,"minecraft:fall_one_cm":2063,"minecraft:fly_one_cm":20517},"minecraft:killed":{"minecraft:pig":4},"minecraft:crafted":{"minecraft:stone_axe":1,"minecraft:crafting_table":1,"minecraft:stick":8,"minecraft:stone_pickaxe":1,"minecraft:jungle_planks":32,"minecraft:wooden_pickaxe":1}},"DataVersion":3955}