{"stats":{"minecraft:used":{"minecraft:poppy":1,"minecraft:wooden_pickaxe":13,"minecraft:stone_axe":37,"minecraft:dirt":14,"minecraft:crafting_table":4},"minecraft:picked_up":{"minecraft:book":12,"minecraft:crafting_table":4,"minecraft:feather":3,"minecraft:chicken":3,"minecraft:jungle_log":8,"minecraft:porkchop":15,"minecraft:dirt":14,"minecraft:iron_ingot":3,"minecraft:poppy":1,"minecraft:light_gray_wool":1,"minecraft:mutton":11,"minecraft:white_wool":6,"minecraft:cobblestone":11},"minecraft:mined":{"minecraft:crafting_table":4,"minecraft:short_grass":4,"minecraft:bookshelf":4,"minecraft:grass_block":2,"minecraft:vine":1,"minecraft:dirt_path":3,"minecraft:jungle_log":8,"minecraft:dirt":9,"minecraft:stone":11},"minecraft:custom":{"minecraft:time_since_rest":13813,"minecraft:sprint_one_cm":17415,"minecraft:damage_taken":105,"minecraft:walk_one_cm":61359,"minecraft:mob_kills":19,"minecraft:damage_dealt":2295,"minecraft:interact_with_crafting_table":7,"minecraft:fly_one_cm":121408,"minecraft:crouch_one_cm":1371,"minecraft:play_time":13813,"minecraft:sneak_time":883,"minecraft:jump":373,"minecraft:leave_game":2,"minecraft:time_since_death":13813,"minecraft:total_world_time":13813,"minecraft:fall_one_cm":2063},"minecraft:killed":{"minecraft:sheep":6,"minecraft:pig":8,"minecraft:chicken":3,"minecraft:spider":1,"minecraft:iron_golem":1},"minecraft:crafted":{"minecraft:crafting_table":1,"minecraft:stick":8,"minecraft:wooden_pickaxe":1,"minecraft:iron_pickaxe":1,"minecraft:stone_pickaxe":1,"minecraft:white_bed":1,"minecraft:stone_axe":1,"minecraft:jungle_planks":32}},"DataVersion":3955}