{"stats":{"minecraft:used":{"minecraft:iron_pickaxe":90,"minecraft:poppy":1,"minecraft:wooden_pickaxe":13,"minecraft:stone_axe":84,"minecraft:dirt":14,"minecraft:crafting_table":5,"minecraft:furnace":1,"minecraft:cooked_porkchop":2,"minecraft:smoker":1},"minecraft:picked_up":{"minecraft:book":12,"minecraft:raw_iron":8,"minecraft:crafting_table":4,"minecraft:feather":3,"minecraft:chicken":3,"minecraft:clay_ball":4,"minecraft:jungle_log":8,"minecraft:porkchop":15,"minecraft:tuff":1,"minecraft:diorite":3,"minecraft:dark_oak_log":43,"minecraft:dirt":25,"minecraft:raw_copper":12,"minecraft:rotten_flesh":1,"minecraft:diamond":3,"minecraft:cobbled_deepslate":1,"minecraft:iron_ingot":3,"minecraft:poppy":1,"minecraft:light_gray_wool":1,"minecraft:coal":9,"minecraft:mutton":11,"minecraft:white_wool":6,"minecraft:cobblestone":70},"minecraft:mined":{"minecraft:tuff":2,"minecraft:deepslate_diamond_ore":3,"minecraft:iron_ore":6,"minecraft:dark_oak_log":44,"minecraft:clay":1,"minecraft:crafting_table":4,"minecraft:deepslate_iron_ore":2,"minecraft:short_grass":4,"minecraft:bookshelf":4,"minecraft:grass_block":4,"minecraft:coal_ore":9,"minecraft:vine":1,"minecraft:dirt_path":3,"minecraft:jungle_log":8,"minecraft:dirt":18,"minecraft:copper_ore":3,"minecraft:stone":70,"minecraft:deepslate":1,"minecraft:diorite":3},"minecraft:dropped":{"minecraft:clay_ball":4},"minecraft:custom":{"minecraft:time_since_rest":25813,"minecraft:interact_with_furnace":3,"minecraft:sprint_one_cm":17415,"minecraft:damage_taken":180,"minecraft:walk_one_cm":276278,"minecraft:mob_kills":20,"minecraft:drop":4,"minecraft:damage_dealt":2495,"minecraft:interact_with_crafting_table":11,"minecraft:fly_one_cm":125248,"minecraft:crouch_one_cm":16146,"minecraft:play_time":25813,"minecraft:sneak_time":3624,"minecraft:jump":462,"minecraft:leave_game":2,"minecraft:time_since_death":25813,"minecraft:interact_with_smoker":3,"minecraft:total_world_time":25813,"minecraft:fall_one_cm":2063},"minecraft:killed":{"minecraft:sheep":6,"minecraft:zombie":1,"minecraft:pig":8,"minecraft:chicken":3,"minecraft:spider":1,"minecraft:iron_golem":1},"minecraft:crafted":{"minecraft:cooked_porkchop":15,"minecraft:crafting_table":1,"minecraft:stick":8,"minecraft:wooden_pickaxe":1,"minecraft:iron_pickaxe":1,"minecraft:stone_pickaxe":1,"minecraft:furnace":2,"minecraft:white_bed":1,"minecraft:dark_oak_planks":156,"minecraft:stone_axe":1,"minecraft:air":0,"minecraft:smoker":1,"minecraft:jungle_planks":32}},"DataVersion":3955}