{"stats":{"minecraft:used":{"minecraft:water_bucket":34,"minecraft:poppy":1,"minecraft:shield":2,"minecraft:wooden_pickaxe":13,"minecraft:diamond_axe":1,"minecraft:iron_chestplate":1,"minecraft:dirt":35,"minecraft:crafting_table":5,"minecraft:white_bed":1,"minecraft:smoker":1,"minecraft:dark_oak_planks":18,"minecraft:diamond_pickaxe":1,"minecraft:lava_bucket":15,"minecraft:iron_pickaxe":124,"minecraft:gravel":3,"minecraft:stone_axe":84,"minecraft:light_gray_wool":1,"minecraft:diamond_sword":19,"minecraft:furnace":1,"minecraft:cooked_porkchop":5,"minecraft:bucket":50},"minecraft:picked_up":{"minecraft:crafting_table":4,"minecraft:feather":3,"minecraft:chicken":3,"minecraft:clay_ball":4,"minecraft:jungle_log":8,"minecraft:flint":1,"minecraft:tuff":1,"minecraft:dirt":35,"minecraft:raw_copper":12,"minecraft:cobbled_deepslate":13,"minecraft:iron_ingot":3,"minecraft:poppy":1,"minecraft:light_gray_wool":1,"minecraft:book":12,"minecraft:raw_iron":12,"minecraft:gravel":5,"minecraft:sand":2,"minecraft:porkchop":15,"minecraft:diorite":3,"minecraft:dark_oak_log":43,"minecraft:dark_oak_planks":1,"minecraft:rotten_flesh":2,"minecraft:diamond":20,"minecraft:mutton":11,"minecraft:coal":9,"minecraft:cobblestone":71,"minecraft:white_wool":6},"minecraft:mined":{"minecraft:dark_oak_planks":1,"minecraft:tuff":2,"minecraft:deepslate_diamond_ore":20,"minecraft:dark_oak_log":44,"minecraft:clay":1,"minecraft:crafting_table":4,"minecraft:short_grass":5,"minecraft:grass_block":9,"minecraft:jungle_log":8,"minecraft:copper_ore":3,"minecraft:diorite":3,"minecraft:iron_ore":6,"minecraft:bookshelf":4,"minecraft:coal_ore":9,"minecraft:dirt_path":3,"minecraft:vine":1,"minecraft:deepslate_iron_ore":6,"minecraft:gravel":6,"minecraft:sand":2,"minecraft:dirt":24,"minecraft:stone":71,"minecraft:deepslate":14},"minecraft:dropped":{"minecraft:clay_ball":4},"minecraft:custom":{"minecraft:interact_with_furnace":12,"minecraft:mob_kills":27,"minecraft:interact_with_crafting_table":20,"minecraft:leave_game":2,"minecraft:time_since_death":37813,"minecraft:sleep_in_bed":1,"minecraft:time_since_rest":5907,"minecraft:sprint_one_cm":17550,"minecraft:damage_taken":490,"minecraft:walk_one_cm":354275,"minecraft:damage_blocked_by_shield":50,"minecraft:drop":4,"minecraft:damage_dealt":4033,"minecraft:swim_one_cm":4222,"minecraft:fly_one_cm":144479,"minecraft:crouch_one_cm":22995,"minecraft:play_time":37813,"minecraft:sneak_time":5289,"minecraft:walk_under_water_one_cm":3345,"minecraft:jump":558,"minecraft:walk_on_water_one_cm":2669,"minecraft:total_world_time":37813,"minecraft:interact_with_smoker":6,"minecraft:fall_one_cm":2063},"minecraft:killed":{"minecraft:pig":8,"minecraft:spider":1,"minecraft:iron_golem":1,"minecraft:sheep":6,"minecraft:zombie":8,"minecraft:chicken":3},"minecraft:crafted":{"minecraft:diamond_sword":1,"minecraft:cooked_porkchop":15,"minecraft:diamond_axe":1,"minecraft:crafting_table":1,"minecraft:wooden_pickaxe":1,"minecraft:furnace":2,"minecraft:bucket":1,"minecraft:stone_axe":1,"minecraft:cooked_mutton":11,"minecraft:air":0,"minecraft:jungle_planks":32,"minecraft:iron_chestplate":1,"minecraft:diamond_pickaxe":1,"minecraft:shield":1,"minecraft:stick":16,"minecraft:iron_ingot":12,"minecraft:iron_pickaxe":1,"minecraft:stone_pickaxe":1,"minecraft:white_bed":1,"minecraft:dark_oak_planks":156,"minecraft:smoker":1}},"DataVersion":3955}