{"stats":{"minecraft:used":{"minecraft:water_bucket":34,"minecraft:flint_and_steel":1,"minecraft:poppy":1,"minecraft:shield":4,"minecraft:wooden_pickaxe":13,"minecraft:diamond_axe":2,"minecraft:netherrack":23,"minecraft:iron_chestplate":1,"minecraft:dirt":35,"minecraft:crafting_table":5,"minecraft:white_bed":1,"minecraft:smoker":1,"minecraft:dark_oak_planks":49,"minecraft:diamond_pickaxe":53,"minecraft:lava_bucket":15,"minecraft:iron_pickaxe":124,"minecraft:gravel":3,"minecraft:basalt":1,"minecraft:stone_axe":84,"minecraft:light_gray_wool":1,"minecraft:diamond_sword":45,"minecraft:furnace":1,"minecraft:cooked_porkchop":16,"minecraft:bucket":50},"minecraft:picked_up":{"minecraft:crafting_table":4,"minecraft:basalt":1,"minecraft:feather":3,"minecraft:chicken":3,"minecraft:magma_cream":1,"minecraft:nether_brick_fence":1,"minecraft:clay_ball":4,"minecraft:jungle_log":8,"minecraft:gold_block":9,"minecraft:flint":1,"minecraft:tuff":1,"minecraft:gunpowder":1,"minecraft:dirt":35,"minecraft:raw_copper":12,"minecraft:cobbled_deepslate":13,"minecraft:iron_ingot":3,"minecraft:poppy":1,"minecraft:light_gray_wool":1,"minecraft:book":12,"minecraft:raw_iron":19,"minecraft:gravel":5,"minecraft:sand":2,"minecraft:porkchop":15,"minecraft:polished_blackstone_bricks":1,"minecraft:diorite":3,"minecraft:dark_oak_log":43,"minecraft:dark_oak_planks":2,"minecraft:rotten_flesh":2,"minecraft:diamond":20,"minecraft:nether_bricks":8,"minecraft:cracked_polished_blackstone_bricks":1,"minecraft:blaze_rod":1,"minecraft:netherrack":23,"minecraft:mutton":11,"minecraft:coal":9,"minecraft:white_wool":6,"minecraft:cobblestone":72},"minecraft:mined":{"minecraft:dark_oak_planks":2,"minecraft:tuff":2,"minecraft:deepslate_diamond_ore":20,"minecraft:basalt":1,"minecraft:dark_oak_log":44,"minecraft:clay":1,"minecraft:crafting_table":4,"minecraft:nether_bricks":8,"minecraft:short_grass":5,"minecraft:grass_block":9,"minecraft:jungle_log":8,"minecraft:cracked_polished_blackstone_bricks":1,"minecraft:copper_ore":3,"minecraft:diorite":3,"minecraft:polished_blackstone_bricks":1,"minecraft:iron_ore":13,"minecraft:gold_block":9,"minecraft:nether_brick_fence":1,"minecraft:bookshelf":4,"minecraft:dirt_path":3,"minecraft:coal_ore":9,"minecraft:vine":1,"minecraft:deepslate_iron_ore":6,"minecraft:sand":2,"minecraft:gravel":6,"minecraft:dirt":24,"minecraft:stone":72,"minecraft:netherrack":23,"minecraft:deepslate":14},"minecraft:dropped":{"minecraft:clay_ball":4},"minecraft:custom":{"minecraft:interact_with_furnace":14,"minecraft:mob_kills":36,"minecraft:interact_with_crafting_table":21,"minecraft:leave_game":4,"minecraft:time_since_death":251,"minecraft:sleep_in_bed":1,"minecraft:time_since_rest":284,"minecraft:sprint_one_cm":17550,"minecraft:damage_taken":1825,"minecraft:walk_one_cm":688604,"minecraft:damage_blocked_by_shield":120,"minecraft:drop":4,"minecraft:damage_dealt":5978,"minecraft:swim_one_cm":4222,"minecraft:fly_one_cm":163419,"minecraft:open_chest":10,"minecraft:crouch_one_cm":48650,"minecraft:play_time":53525,"minecraft:deaths":1,"minecraft:sneak_time":7127,"minecraft:walk_under_water_one_cm":4997,"minecraft:jump":642,"minecraft:walk_on_water_one_cm":3561,"minecraft:interact_with_smoker":6,"minecraft:total_world_time":53525,"minecraft:fall_one_cm":2063},"minecraft:killed_by":{"minecraft:magma_cube":1},"minecraft:killed":{"minecraft:magma_cube":2,"minecraft:pig":8,"minecraft:spider":1,"minecraft:iron_golem":1,"minecraft:sheep":6,"minecraft:zombie":8,"minecraft:chicken":3,"minecraft:ghast":1,"minecraft:piglin_brute":1,"minecraft:blaze":5},"minecraft:crafted":{"minecraft:diamond_sword":1,"minecraft:cooked_porkchop":15,"minecraft:diamond_axe":1,"minecraft:crafting_table":1,"minecraft:wooden_pickaxe":1,"minecraft:furnace":2,"minecraft:bucket":1,"minecraft:stone_axe":1,"minecraft:cooked_mutton":11,"minecraft:air":0,"minecraft:jungle_planks":32,"minecraft:flint_and_steel":1,"minecraft:iron_chestplate":1,"minecraft:diamond_pickaxe":1,"minecraft:shield":1,"minecraft:stick":16,"minecraft:iron_ingot":13,"minecraft:iron_pickaxe":1,"minecraft:stone_pickaxe":1,"minecraft:white_bed":1,"minecraft:dark_oak_planks":156,"minecraft:smoker":1}},"DataVersion":3955}