{"stats":{"minecraft:used":{"minecraft:chest":19},"minecraft:picked_up":{"minecraft:chest":124,"minecraft:dirt":2},"minecraft:mined":{"minecraft:tall_grass":1},"minecraft:dropped":{"minecraft:chest":105},"minecraft:custom":{"minecraft:jump":141,"minecraft:open_chest":28,"minecraft:time_since_rest":22700,"minecraft:damage_taken":360,"minecraft:damage_dealt":35,"minecraft:crouch_one_cm":222,"minecraft:leave_game":2,"minecraft:sprint_one_cm":28427,"minecraft:play_time":32968,"minecraft:walk_one_cm":12853,"minecraft:time_since_death":22670,"minecraft:deaths":1,"minecraft:sneak_time":167,"minecraft:climb_one_cm":1866,"minecraft:total_world_time":32968,"minecraft:drop":2,"minecraft:fall_one_cm":4810,"minecraft:fly_one_cm":21796},"minecraft:killed_by":{"minecraft:skeleton":1}},"DataVersion":3955}