{"stats":{"minecraft:used":{"minecraft:purpur_block":9,"minecraft:iron_shovel":368,"minecraft:shield":18,"minecraft:iron_sword":153,"minecraft:dirt":324,"minecraft:mutton":3,"minecraft:shulker_box":4,"minecraft:lava_bucket":2,"minecraft:grass_block":200,"minecraft:iron_boots":1,"minecraft:beef":1,"minecraft:furnace":3,"minecraft:cooked_beef":4,"minecraft:iron_leggings":5,"minecraft:cooked_mutton":1,"minecraft:water_bucket":52,"minecraft:end_rod":1,"minecraft:stone_pickaxe":55,"minecraft:chorus_fruit":2,"minecraft:oak_planks":3,"minecraft:ender_pearl":1,"minecraft:wooden_pickaxe":11,"minecraft:diamond_axe":1,"minecraft:crafting_table":5,"minecraft:white_bed":1,"minecraft:diamond_pickaxe":26,"minecraft:diamond_shovel":128,"minecraft:iron_pickaxe":16,"minecraft:fire_charge":1,"minecraft:wooden_sword":12,"minecraft:cobblestone":19,"minecraft:potion":2,"minecraft:porkchop":9,"minecraft:cooked_porkchop":6,"minecraft:bucket":54},"minecraft:picked_up":{"minecraft:shulker_shell":8,"minecraft:crafting_table":6,"minecraft:iron_chestplate":1,"minecraft:wooden_pickaxe":2,"minecraft:purpur_block":16,"minecraft:shield":5,"minecraft:elytra":6,"minecraft:wooden_sword":6,"minecraft:iron_leggings":7,"minecraft:iron_shovel":3,"minecraft:diamond_leggings":1,"minecraft:beef":10,"minecraft:spire_armor_trim_smithing_template":1,"minecraft:iron_pickaxe":5,"minecraft:light_gray_wool":5,"minecraft:iron_boots":2,"minecraft:furnace":2,"minecraft:raw_iron":13,"minecraft:stick":55,"minecraft:torch":4,"minecraft:acacia_log":2,"minecraft:porkchop":44,"minecraft:diorite":6,"minecraft:stone_sword":3,"minecraft:arrow":8,"minecraft:end_rod":3,"minecraft:gold_ingot":62,"minecraft:blaze_rod":11,"minecraft:mutton":10,"minecraft:white_wool":10,"minecraft:blaze_powder":16,"minecraft:cobblestone":179,"minecraft:cooked_beef":3,"minecraft:jungle_log":6,"minecraft:leather":20,"minecraft:flint":4,"minecraft:oak_log":17,"minecraft:ancient_debris":2,"minecraft:lapis_lazuli":72,"minecraft:dirt":261,"minecraft:twisting_vines":9,"minecraft:bone":10,"minecraft:kelp":6,"minecraft:wheat_seeds":12,"minecraft:iron_ingot":46,"minecraft:stone_pickaxe":4,"minecraft:mossy_stone_bricks":2,"minecraft:glass_bottle":2,"minecraft:bamboo":19,"minecraft:iron_sword":7,"minecraft:oak_planks":100,"minecraft:quartz":33,"minecraft:sand":1,"minecraft:white_bed":3,"minecraft:grass_block":204,"minecraft:shulker_box":4,"minecraft:diamond_shovel":1,"minecraft:diamond":22,"minecraft:iron_helmet":2,"minecraft:granite":10,"minecraft:gray_wool":1,"minecraft:warped_roots":5,"minecraft:emerald":14,"minecraft:chorus_fruit":11,"minecraft:coal":6,"minecraft:ender_pearl":1,"minecraft:diamond_pickaxe":1},"minecraft:mined":{"minecraft:jungle_leaves":3,"minecraft:shulker_box":4,"minecraft:granite":5,"minecraft:acacia_log":2,"minecraft:grass_block":232,"minecraft:jungle_log":6,"minecraft:kelp":1,"minecraft:furnace":1,"minecraft:iron_ore":13,"minecraft:fire":8,"minecraft:vine":1,"minecraft:chorus_plant":1,"minecraft:bamboo":2,"minecraft:stone":38,"minecraft:magenta_stained_glass":9,"minecraft:kelp_plant":2,"minecraft:twisting_vines_plant":2,"minecraft:crafting_table":3,"minecraft:short_grass":8,"minecraft:cobblestone":4,"minecraft:nether_quartz_ore":11,"minecraft:tall_grass":6,"minecraft:lapis_ore":2,"minecraft:sugar_cane":24,"minecraft:oak_planks":8,"minecraft:wall_torch":2,"minecraft:purpur_block":15,"minecraft:coal_ore":4,"minecraft:oak_log":17,"minecraft:end_rod":1,"minecraft:dirt":268,"minecraft:oak_leaves":1},"minecraft:dropped":{"minecraft:porkchop":3,"minecraft:glass_bottle":1,"minecraft:iron_helmet":1,"minecraft:granite":5,"minecraft:end_rod":1,"minecraft:gray_wool":1,"minecraft:torch":1,"minecraft:mutton":1,"minecraft:purpur_block":5,"minecraft:oak_planks":20,"minecraft:blaze_powder":16,"minecraft:diamond_sword":1,"minecraft:stone_pickaxe":1,"minecraft:wooden_pickaxe":1},"minecraft:custom":{"minecraft:mob_kills":39,"minecraft:interact_with_crafting_table":16,"minecraft:open_shulker_box":4,"minecraft:leave_game":6,"minecraft:time_since_death":50371,"minecraft:climb_one_cm":924,"minecraft:sprint_one_cm":92,"minecraft:walk_one_cm":41069,"minecraft:damage_blocked_by_shield":630,"minecraft:drop":17,"minecraft:play_time":153765,"minecraft:deaths":21,"minecraft:sneak_time":1449,"minecraft:walk_under_water_one_cm":95215,"minecraft:jump":1009,"minecraft:interact_with_brewingstand":1,"minecraft:walk_on_water_one_cm":55110,"minecraft:total_world_time":153765,"minecraft:interact_with_furnace":19,"minecraft:time_since_rest":50394,"minecraft:open_enderchest":2,"minecraft:damage_taken":9683,"minecraft:damage_dealt":9388,"minecraft:swim_one_cm":10544,"minecraft:fly_one_cm":5853176,"minecraft:player_kills":1,"minecraft:open_chest":35,"minecraft:crouch_one_cm":287,"minecraft:fall_one_cm":85772},"minecraft:killed":{"minecraft:shulker":7,"minecraft:skeleton":2,"minecraft:pig":7,"minecraft:sheep":3,"minecraft:zombie":2,"minecraft:enderman":5,"minecraft:blaze":10,"minecraft:cow":3},"minecraft:killed_by":{"minecraft:player":1,"minecraft:enderman":2,"minecraft:ender_dragon":1,"minecraft:shulker":1,"minecraft:blaze":1},"minecraft:crafted":{"minecraft:wooden_sword":1,"minecraft:oak_planks":68,"minecraft:blaze_powder":16,"minecraft:furnace":2,"minecraft:shulker_box":1,"minecraft:stone_pickaxe":1,"minecraft:chest":1,"minecraft:cooked_beef":5,"minecraft:cooked_porkchop":2,"minecraft:diamond_axe":1,"minecraft:crafting_table":2,"minecraft:wooden_pickaxe":1,"minecraft:iron_sword":1,"minecraft:bucket":2,"minecraft:air":0,"minecraft:shield":1,"minecraft:stick":20,"minecraft:iron_ingot":13,"minecraft:iron_pickaxe":1,"minecraft:stone_sword":1,"minecraft:iron_leggings":1,"minecraft:acacia_planks":8}},"DataVersion":3955}