{"stats":{"minecraft:picked_up":{"minecraft:dark_oak_log":3},"minecraft:mined":{"minecraft:dark_oak_log":3},"minecraft:custom":{"minecraft:jump":77,"minecraft:time_since_rest":6113,"minecraft:damage_dealt":9,"minecraft:crouch_one_cm":158,"minecraft:play_time":6113,"minecraft:leave_game":2,"minecraft:sprint_one_cm":9783,"minecraft:damage_taken":40,"minecraft:time_since_death":6113,"minecraft:walk_one_cm":7358,"minecraft:sneak_time":73,"minecraft:total_world_time":6113,"minecraft:mob_kills":1,"minecraft:fall_one_cm":4026,"minecraft:fly_one_cm":16964}},"DataVersion":3955}