{"stats":{"minecraft:picked_up":{"minecraft:wheat_seeds":1},"minecraft:mined":{"minecraft:short_grass":1},"minecraft:custom":{"minecraft:jump":166,"minecraft:time_since_rest":1972,"minecraft:deaths":2,"minecraft:damage_dealt":72,"minecraft:walk_on_water_one_cm":3546,"minecraft:play_time":6666,"minecraft:leave_game":1,"minecraft:sprint_one_cm":11218,"minecraft:damage_taken":585,"minecraft:time_since_death":1950,"minecraft:walk_one_cm":13650,"minecraft:sneak_time":10,"minecraft:total_world_time":6666,"minecraft:walk_under_water_one_cm":2695,"minecraft:swim_one_cm":593,"minecraft:fall_one_cm":17759,"minecraft:fly_one_cm":28023},"minecraft:killed_by":{"minecraft:player":1,"minecraft:skeleton":1}},"DataVersion":3955}