{"stats":{"minecraft:picked_up":{"minecraft:wheat_seeds":4,"minecraft:dirt":6},"minecraft:mined":{"minecraft:short_grass":2,"minecraft:grass_block":3,"minecraft:tall_grass":2},"minecraft:dropped":{"minecraft:wheat_seeds":2},"minecraft:custom":{"minecraft:time_since_rest":753,"minecraft:sprint_one_cm":29472,"minecraft:play_time":23065,"minecraft:walk_one_cm":23938,"minecraft:damage_taken":763,"minecraft:deaths":3,"minecraft:sneak_time":19,"minecraft:walk_under_water_one_cm":2695,"minecraft:drop":2,"minecraft:jump":383,"minecraft:damage_dealt":144,"minecraft:leave_game":2,"minecraft:time_since_death":724,"minecraft:walk_on_water_one_cm":5845,"minecraft:total_world_time":23065,"minecraft:swim_one_cm":593,"minecraft:fall_one_cm":25370,"minecraft:fly_one_cm":64293},"minecraft:killed_by":{"minecraft:skeleton":1,"minecraft:spider":1,"minecraft:player":1}},"DataVersion":3955}