{"stats":{"minecraft:picked_up":{"minecraft:wheat_seeds":1,"minecraft:dirt":3},"minecraft:mined":{"minecraft:grass_block":3,"minecraft:short_grass":2},"minecraft:custom":{"minecraft:jump":326,"minecraft:time_since_rest":13972,"minecraft:deaths":2,"minecraft:damage_dealt":80,"minecraft:walk_on_water_one_cm":5532,"minecraft:play_time":18666,"minecraft:leave_game":1,"minecraft:sprint_one_cm":28687,"minecraft:damage_taken":663,"minecraft:time_since_death":13950,"minecraft:walk_one_cm":20224,"minecraft:sneak_time":19,"minecraft:total_world_time":18666,"minecraft:walk_under_water_one_cm":2695,"minecraft:swim_one_cm":593,"minecraft:fall_one_cm":23487,"minecraft:fly_one_cm":62327},"minecraft:killed_by":{"minecraft:player":1,"minecraft:skeleton":1}},"DataVersion":3955}