{"stats":{"minecraft:used":{"minecraft:wooden_axe":46,"minecraft:stone_pickaxe":26,"minecraft:melon_slice":17,"minecraft:wooden_pickaxe":23,"minecraft:stone_axe":103,"minecraft:cobblestone":2,"minecraft:dirt":23,"minecraft:dark_oak_boat":1,"minecraft:crafting_table":2},"minecraft:picked_up":{"minecraft:raw_iron":5,"minecraft:dark_oak_sapling":1,"minecraft:stick":2,"minecraft:crafting_table":2,"minecraft:andesite":1,"minecraft:jungle_log":5,"minecraft:leather":2,"minecraft:dark_oak_boat":1,"minecraft:porkchop":7,"minecraft:dark_oak_log":118,"minecraft:dirt":30,"minecraft:apple":1,"minecraft:beef":7,"minecraft:bamboo":26,"minecraft:coal":5,"minecraft:melon_slice":48,"minecraft:sugar_cane":27,"minecraft:mutton":4,"minecraft:white_wool":2,"minecraft:cobblestone":36},"minecraft:mined":{"minecraft:dark_oak_leaves":12,"minecraft:iron_ore":5,"minecraft:jungle_leaves":1,"minecraft:dark_oak_log":119,"minecraft:andesite":1,"minecraft:crafting_table":2,"minecraft:short_grass":3,"minecraft:grass_block":6,"minecraft:coal_ore":5,"minecraft:melon":9,"minecraft:vine":1,"minecraft:jungle_log":5,"minecraft:dirt":22,"minecraft:red_mushroom_block":1,"minecraft:bamboo":2,"minecraft:stone":37,"minecraft:sugar_cane":13,"minecraft:oak_leaves":1,"minecraft:fern":2},"minecraft:custom":{"minecraft:time_since_rest":23965,"minecraft:sprint_one_cm":52160,"minecraft:damage_taken":210,"minecraft:walk_one_cm":28937,"minecraft:mob_kills":8,"minecraft:damage_dealt":770,"minecraft:swim_one_cm":19197,"minecraft:interact_with_crafting_table":7,"minecraft:fly_one_cm":69779,"minecraft:crouch_one_cm":783,"minecraft:play_time":23965,"minecraft:sneak_time":415,"minecraft:walk_under_water_one_cm":2176,"minecraft:boat_one_cm":19106,"minecraft:jump":506,"minecraft:walk_on_water_one_cm":10532,"minecraft:time_since_death":23965,"minecraft:climb_one_cm":1604,"minecraft:total_world_time":23965,"minecraft:fall_one_cm":15218},"minecraft:killed":{"minecraft:sheep":2,"minecraft:pig":3,"minecraft:cow":3},"minecraft:crafted":{"minecraft:dark_oak_boat":1,"minecraft:crafting_table":1,"minecraft:stick":20,"minecraft:wooden_pickaxe":1,"minecraft:stone_pickaxe":1,"minecraft:wooden_axe":1,"minecraft:dark_oak_planks":8,"minecraft:stone_axe":1,"minecraft:jungle_planks":20}},"DataVersion":3955}