{"stats":{"minecraft:used":{"minecraft:wooden_axe":46,"minecraft:melon_slice":4,"minecraft:wooden_pickaxe":23,"minecraft:stone_axe":45,"minecraft:crafting_table":1},"minecraft:picked_up":{"minecraft:jungle_log":5,"minecraft:dark_oak_log":81,"minecraft:dirt":26,"minecraft:apple":1,"minecraft:bamboo":26,"minecraft:melon_slice":48,"minecraft:cobblestone":23},"minecraft:mined":{"minecraft:dark_oak_leaves":9,"minecraft:jungle_leaves":1,"minecraft:dark_oak_log":82,"minecraft:short_grass":2,"minecraft:grass_block":4,"minecraft:melon":9,"minecraft:vine":1,"minecraft:jungle_log":5,"minecraft:dirt":22,"minecraft:bamboo":2,"minecraft:stone":23,"minecraft:oak_leaves":1,"minecraft:fern":2},"minecraft:custom":{"minecraft:time_since_rest":11965,"minecraft:sprint_one_cm":12453,"minecraft:damage_taken":40,"minecraft:walk_one_cm":10687,"minecraft:damage_dealt":10,"minecraft:swim_one_cm":4341,"minecraft:interact_with_crafting_table":5,"minecraft:fly_one_cm":31804,"minecraft:crouch_one_cm":79,"minecraft:play_time":11965,"minecraft:sneak_time":222,"minecraft:walk_under_water_one_cm":636,"minecraft:jump":160,"minecraft:walk_on_water_one_cm":2229,"minecraft:time_since_death":11965,"minecraft:climb_one_cm":1604,"minecraft:total_world_time":11965,"minecraft:fall_one_cm":5449},"minecraft:crafted":{"minecraft:crafting_table":1,"minecraft:stick":20,"minecraft:wooden_pickaxe":1,"minecraft:wooden_axe":1,"minecraft:stone_axe":1,"minecraft:jungle_planks":20}},"DataVersion":3955}