{"stats":{"minecraft:used":{"minecraft:diorite":4,"minecraft:stone_sword":53,"minecraft:stone_pickaxe":85,"minecraft:shield":83,"minecraft:wooden_pickaxe":23,"minecraft:torch":35,"minecraft:dirt":31,"minecraft:crafting_table":3,"minecraft:white_bed":2,"minecraft:granite":5,"minecraft:wooden_axe":46,"minecraft:dark_oak_log":1,"minecraft:melon_slice":21,"minecraft:iron_pickaxe":46,"minecraft:bamboo":2,"minecraft:stone_axe":116,"minecraft:cobblestone":2,"minecraft:dark_oak_boat":4,"minecraft:furnace":2,"minecraft:cooked_porkchop":7,"minecraft:cooked_beef":4},"minecraft:picked_up":{"minecraft:crafting_table":3,"minecraft:jungle_log":5,"minecraft:andesite":4,"minecraft:leather":2,"minecraft:dark_oak_boat":4,"minecraft:dirt":47,"minecraft:raw_copper":6,"minecraft:bone":2,"minecraft:apple":1,"minecraft:wheat_seeds":2,"minecraft:beef":7,"minecraft:bamboo":28,"minecraft:sugar_cane":27,"minecraft:melon_slice":48,"minecraft:furnace":2,"minecraft:dark_oak_sapling":1,"minecraft:stick":2,"minecraft:raw_iron":16,"minecraft:torch":3,"minecraft:porkchop":7,"minecraft:diorite":7,"minecraft:white_bed":1,"minecraft:dark_oak_log":119,"minecraft:arrow":5,"minecraft:rotten_flesh":12,"minecraft:granite":5,"minecraft:mutton":8,"minecraft:coal":57,"minecraft:white_wool":5,"minecraft:cobblestone":84},"minecraft:mined":{"minecraft:white_bed":1,"minecraft:dark_oak_leaves":12,"minecraft:jungle_leaves":1,"minecraft:dark_oak_log":120,"minecraft:crafting_table":3,"minecraft:torch":1,"minecraft:granite":2,"minecraft:short_grass":20,"minecraft:grass_block":12,"minecraft:melon":9,"minecraft:jungle_log":5,"minecraft:tall_grass":1,"minecraft:sugar_cane":13,"minecraft:diorite":7,"minecraft:wall_torch":1,"minecraft:furnace":2,"minecraft:iron_ore":15,"minecraft:andesite":2,"minecraft:coal_ore":49,"minecraft:vine":1,"minecraft:dirt":33,"minecraft:bamboo_sapling":1,"minecraft:bamboo":2,"minecraft:red_mushroom_block":1,"minecraft:stone":76,"minecraft:oak_leaves":1,"minecraft:fern":2},"minecraft:broken":{"minecraft:stone_axe":1},"minecraft:custom":{"minecraft:interact_with_furnace":7,"minecraft:mob_kills":24,"minecraft:interact_with_crafting_table":14,"minecraft:time_since_death":47965,"minecraft:sleep_in_bed":2,"minecraft:climb_one_cm":1692,"minecraft:time_since_rest":16470,"minecraft:sprint_one_cm":123665,"minecraft:damage_taken":1355,"minecraft:walk_one_cm":79793,"minecraft:damage_blocked_by_shield":2247,"minecraft:damage_dealt":3117,"minecraft:swim_one_cm":20763,"minecraft:fly_one_cm":169319,"minecraft:crouch_one_cm":1182,"minecraft:play_time":47965,"minecraft:sneak_time":722,"minecraft:walk_under_water_one_cm":2918,"minecraft:boat_one_cm":37310,"minecraft:jump":1088,"minecraft:walk_on_water_one_cm":12707,"minecraft:total_world_time":47965,"minecraft:fall_one_cm":32351},"minecraft:killed":{"minecraft:pig":3,"minecraft:skeleton":3,"minecraft:sheep":5,"minecraft:zombie":8,"minecraft:cow":3},"minecraft:crafted":{"minecraft:cooked_beef":7,"minecraft:cooked_porkchop":7,"minecraft:crafting_table":1,"minecraft:dark_oak_boat":1,"minecraft:wooden_pickaxe":1,"minecraft:furnace":1,"minecraft:stone_axe":2,"minecraft:air":0,"minecraft:jungle_planks":20,"minecraft:shield":1,"minecraft:stick":20,"minecraft:iron_ingot":5,"minecraft:iron_pickaxe":1,"minecraft:stone_pickaxe":1,"minecraft:wooden_axe":1,"minecraft:stone_sword":1,"minecraft:white_bed":1,"minecraft:dark_oak_planks":16,"minecraft:torch":36}},"DataVersion":3955}