{"stats":{"minecraft:used":{"minecraft:stone_sword":17,"minecraft:stone_pickaxe":68,"minecraft:shield":8,"minecraft:wooden_pickaxe":23,"minecraft:torch":1,"minecraft:dirt":31,"minecraft:crafting_table":3,"minecraft:white_bed":1,"minecraft:wooden_axe":46,"minecraft:dark_oak_log":1,"minecraft:melon_slice":21,"minecraft:iron_pickaxe":1,"minecraft:bamboo":2,"minecraft:stone_axe":116,"minecraft:cobblestone":2,"minecraft:dark_oak_boat":3,"minecraft:furnace":1,"minecraft:cooked_porkchop":4},"minecraft:picked_up":{"minecraft:crafting_table":3,"minecraft:jungle_log":5,"minecraft:andesite":1,"minecraft:leather":2,"minecraft:dark_oak_boat":3,"minecraft:dirt":47,"minecraft:apple":1,"minecraft:wheat_seeds":2,"minecraft:beef":7,"minecraft:bamboo":28,"minecraft:sugar_cane":27,"minecraft:melon_slice":48,"minecraft:furnace":1,"minecraft:dark_oak_sapling":1,"minecraft:stick":2,"minecraft:raw_iron":5,"minecraft:torch":1,"minecraft:porkchop":7,"minecraft:diorite":7,"minecraft:white_bed":1,"minecraft:dark_oak_log":119,"minecraft:rotten_flesh":5,"minecraft:mutton":8,"minecraft:coal":22,"minecraft:white_wool":5,"minecraft:cobblestone":63},"minecraft:mined":{"minecraft:white_bed":1,"minecraft:dark_oak_leaves":12,"minecraft:jungle_leaves":1,"minecraft:dark_oak_log":120,"minecraft:crafting_table":3,"minecraft:short_grass":20,"minecraft:grass_block":12,"minecraft:melon":9,"minecraft:jungle_log":5,"minecraft:tall_grass":1,"minecraft:sugar_cane":13,"minecraft:diorite":7,"minecraft:wall_torch":1,"minecraft:furnace":1,"minecraft:iron_ore":5,"minecraft:andesite":1,"minecraft:coal_ore":13,"minecraft:vine":1,"minecraft:dirt":33,"minecraft:bamboo_sapling":1,"minecraft:bamboo":2,"minecraft:red_mushroom_block":1,"minecraft:stone":64,"minecraft:oak_leaves":1,"minecraft:fern":2},"minecraft:broken":{"minecraft:stone_axe":1},"minecraft:custom":{"minecraft:interact_with_furnace":7,"minecraft:mob_kills":15,"minecraft:interact_with_crafting_table":14,"minecraft:time_since_death":35965,"minecraft:sleep_in_bed":2,"minecraft:climb_one_cm":1692,"minecraft:time_since_rest":4470,"minecraft:sprint_one_cm":80954,"minecraft:damage_taken":555,"minecraft:walk_one_cm":50992,"minecraft:damage_blocked_by_shield":200,"minecraft:damage_dealt":1580,"minecraft:swim_one_cm":20763,"minecraft:fly_one_cm":127211,"minecraft:crouch_one_cm":819,"minecraft:play_time":35965,"minecraft:sneak_time":430,"minecraft:walk_under_water_one_cm":2918,"minecraft:boat_one_cm":37310,"minecraft:jump":782,"minecraft:walk_on_water_one_cm":11307,"minecraft:total_world_time":35965,"minecraft:fall_one_cm":22970},"minecraft:killed":{"minecraft:pig":3,"minecraft:sheep":5,"minecraft:zombie":2,"minecraft:cow":3},"minecraft:crafted":{"minecraft:cooked_beef":7,"minecraft:cooked_porkchop":7,"minecraft:crafting_table":1,"minecraft:dark_oak_boat":1,"minecraft:wooden_pickaxe":1,"minecraft:furnace":1,"minecraft:stone_axe":2,"minecraft:air":0,"minecraft:jungle_planks":20,"minecraft:shield":1,"minecraft:stick":20,"minecraft:iron_ingot":5,"minecraft:iron_pickaxe":1,"minecraft:stone_pickaxe":1,"minecraft:wooden_axe":1,"minecraft:stone_sword":1,"minecraft:white_bed":1,"minecraft:dark_oak_planks":16,"minecraft:torch":4}},"DataVersion":3955}