{"stats":{"minecraft:used":{"minecraft:cooked_mutton":5,"minecraft:water_bucket":11,"minecraft:diorite":8,"minecraft:stone_sword":78,"minecraft:stone_pickaxe":108,"minecraft:chest":8,"minecraft:shield":86,"minecraft:wooden_pickaxe":23,"minecraft:torch":45,"minecraft:dirt":66,"minecraft:crafting_table":5,"minecraft:white_bed":3,"minecraft:granite":23,"minecraft:wooden_axe":46,"minecraft:dark_oak_log":1,"minecraft:bread":1,"minecraft:melon_slice":29,"minecraft:iron_pickaxe":235,"minecraft:bamboo":2,"minecraft:stone_axe":183,"minecraft:cobblestone":72,"minecraft:dark_oak_boat":4,"minecraft:furnace":4,"minecraft:cooked_porkchop":7,"minecraft:bucket":11,"minecraft:andesite":4,"minecraft:cooked_beef":7},"minecraft:picked_up":{"minecraft:birch_log":10,"minecraft:crafting_table":5,"minecraft:jungle_log":5,"minecraft:andesite":4,"minecraft:leather":6,"minecraft:dark_oak_boat":4,"minecraft:lead":2,"minecraft:wooden_pickaxe":1,"minecraft:enchanted_book":4,"minecraft:oak_log":32,"minecraft:gunpowder":10,"minecraft:string":12,"minecraft:dirt":67,"minecraft:raw_copper":6,"minecraft:name_tag":2,"minecraft:cooked_mutton":5,"minecraft:bone":18,"minecraft:apple":2,"minecraft:wheat_seeds":4,"minecraft:bucket":1,"minecraft:iron_ingot":5,"minecraft:stone_pickaxe":3,"minecraft:beef":7,"minecraft:bamboo":54,"minecraft:sugar_cane":54,"minecraft:melon_slice":75,"minecraft:chest":7,"minecraft:furnace":3,"minecraft:dark_oak_sapling":2,"minecraft:stick":5,"minecraft:raw_iron":54,"minecraft:torch":8,"minecraft:porkchop":7,"minecraft:diorite":8,"minecraft:white_bed":2,"minecraft:mossy_cobblestone":3,"minecraft:dark_oak_log":233,"minecraft:iron_horse_armor":2,"minecraft:dark_oak_planks":2,"minecraft:arrow":10,"minecraft:rotten_flesh":55,"minecraft:granite":24,"minecraft:golden_apple":4,"minecraft:oak_sapling":8,"minecraft:mutton":16,"minecraft:coal":135,"minecraft:white_wool":7,"minecraft:cobblestone":372},"minecraft:mined":{"minecraft:white_bed":2,"minecraft:mossy_cobblestone":3,"minecraft:dark_oak_leaves":12,"minecraft:jungle_leaves":1,"minecraft:dark_oak_log":120,"minecraft:crafting_table":4,"minecraft:torch":1,"minecraft:granite":22,"minecraft:short_grass":20,"minecraft:grass_block":15,"minecraft:melon":9,"minecraft:chest":6,"minecraft:jungle_log":5,"minecraft:tall_grass":1,"minecraft:cobblestone":30,"minecraft:sugar_cane":13,"minecraft:diorite":8,"minecraft:wall_torch":4,"minecraft:furnace":3,"minecraft:birch_log":10,"minecraft:iron_ore":35,"minecraft:birch_leaves":5,"minecraft:andesite":4,"minecraft:oak_log":32,"minecraft:coal_ore":74,"minecraft:vine":1,"minecraft:dirt":44,"minecraft:bamboo_sapling":1,"minecraft:bamboo":2,"minecraft:red_mushroom_block":1,"minecraft:stone":183,"minecraft:oak_leaves":22,"minecraft:fern":2},"minecraft:broken":{"minecraft:stone_axe":1},"minecraft:dropped":{"minecraft:enchanted_book":2,"minecraft:cobblestone":114,"minecraft:golden_apple":2,"minecraft:chest":1,"minecraft:stone_pickaxe":2,"minecraft:bucket":1},"minecraft:custom":{"minecraft:interact_with_furnace":12,"minecraft:mob_kills":30,"minecraft:interact_with_crafting_table":20,"minecraft:time_since_death":101965,"minecraft:sleep_in_bed":4,"minecraft:climb_one_cm":1692,"minecraft:time_since_rest":3788,"minecraft:sprint_one_cm":255950,"minecraft:damage_taken":1727,"minecraft:walk_one_cm":171347,"minecraft:damage_blocked_by_shield":2370,"minecraft:drop":14,"minecraft:damage_dealt":4252,"minecraft:talked_to_villager":1,"minecraft:swim_one_cm":20763,"minecraft:fly_one_cm":286902,"minecraft:open_chest":17,"minecraft:crouch_one_cm":1898,"minecraft:play_time":101965,"minecraft:sneak_time":924,"minecraft:walk_under_water_one_cm":3100,"minecraft:boat_one_cm":37310,"minecraft:jump":1908,"minecraft:walk_on_water_one_cm":20545,"minecraft:total_world_time":101965,"minecraft:fall_one_cm":51011},"minecraft:killed":{"minecraft:pig":3,"minecraft:wandering_trader":1,"minecraft:skeleton":3,"minecraft:sheep":5,"minecraft:trader_llama":2,"minecraft:zombie":11,"minecraft:cow":3},"minecraft:crafted":{"minecraft:cooked_beef":7,"minecraft:cooked_porkchop":7,"minecraft:crafting_table":1,"minecraft:dark_oak_boat":1,"minecraft:wooden_pickaxe":1,"minecraft:furnace":1,"minecraft:bucket":1,"minecraft:stone_axe":2,"minecraft:cooked_mutton":3,"minecraft:air":0,"minecraft:jungle_planks":20,"minecraft:shield":1,"minecraft:stick":20,"minecraft:iron_ingot":36,"minecraft:iron_pickaxe":1,"minecraft:stone_pickaxe":1,"minecraft:wooden_axe":1,"minecraft:stone_sword":1,"minecraft:chest":2,"minecraft:white_bed":1,"minecraft:dark_oak_planks":32,"minecraft:torch":44}},"DataVersion":3955}