{"stats":{"minecraft:used":{"minecraft:diorite":8,"minecraft:stone_sword":53,"minecraft:stone_pickaxe":85,"minecraft:chest":4,"minecraft:shield":83,"minecraft:wooden_pickaxe":23,"minecraft:torch":42,"minecraft:dirt":47,"minecraft:crafting_table":3,"minecraft:white_bed":2,"minecraft:granite":18,"minecraft:wooden_axe":46,"minecraft:dark_oak_log":1,"minecraft:bread":1,"minecraft:melon_slice":21,"minecraft:iron_pickaxe":176,"minecraft:bamboo":2,"minecraft:stone_axe":120,"minecraft:cobblestone":4,"minecraft:dark_oak_boat":4,"minecraft:furnace":2,"minecraft:cooked_porkchop":7,"minecraft:andesite":4,"minecraft:cooked_beef":4},"minecraft:picked_up":{"minecraft:crafting_table":4,"minecraft:jungle_log":5,"minecraft:andesite":4,"minecraft:leather":4,"minecraft:dark_oak_boat":4,"minecraft:wooden_pickaxe":1,"minecraft:enchanted_book":4,"minecraft:gunpowder":10,"minecraft:string":12,"minecraft:dirt":47,"minecraft:raw_copper":6,"minecraft:name_tag":2,"minecraft:bone":18,"minecraft:apple":2,"minecraft:wheat_seeds":4,"minecraft:iron_ingot":5,"minecraft:stone_pickaxe":3,"minecraft:beef":7,"minecraft:bamboo":54,"minecraft:sugar_cane":54,"minecraft:melon_slice":75,"minecraft:chest":5,"minecraft:furnace":2,"minecraft:dark_oak_sapling":2,"minecraft:stick":2,"minecraft:raw_iron":43,"minecraft:torch":8,"minecraft:porkchop":7,"minecraft:diorite":8,"minecraft:white_bed":1,"minecraft:dark_oak_log":233,"minecraft:iron_horse_armor":2,"minecraft:dark_oak_planks":2,"minecraft:arrow":10,"minecraft:rotten_flesh":50,"minecraft:granite":23,"minecraft:golden_apple":4,"minecraft:mutton":16,"minecraft:coal":57,"minecraft:white_wool":7,"minecraft:cobblestone":331},"minecraft:mined":{"minecraft:white_bed":1,"minecraft:dark_oak_leaves":12,"minecraft:jungle_leaves":1,"minecraft:dark_oak_log":120,"minecraft:crafting_table":3,"minecraft:torch":1,"minecraft:granite":21,"minecraft:short_grass":20,"minecraft:grass_block":12,"minecraft:melon":9,"minecraft:chest":4,"minecraft:jungle_log":5,"minecraft:tall_grass":1,"minecraft:cobblestone":20,"minecraft:sugar_cane":13,"minecraft:diorite":8,"minecraft:wall_torch":4,"minecraft:furnace":2,"minecraft:iron_ore":24,"minecraft:andesite":4,"minecraft:coal_ore":49,"minecraft:vine":1,"minecraft:dirt":33,"minecraft:bamboo_sapling":1,"minecraft:bamboo":2,"minecraft:red_mushroom_block":1,"minecraft:stone":155,"minecraft:oak_leaves":1,"minecraft:fern":2},"minecraft:broken":{"minecraft:stone_axe":1},"minecraft:dropped":{"minecraft:enchanted_book":2,"minecraft:cobblestone":114,"minecraft:golden_apple":2,"minecraft:chest":1,"minecraft:stone_pickaxe":2},"minecraft:custom":{"minecraft:interact_with_furnace":7,"minecraft:mob_kills":24,"minecraft:interact_with_crafting_table":14,"minecraft:time_since_death":59965,"minecraft:sleep_in_bed":2,"minecraft:climb_one_cm":1692,"minecraft:time_since_rest":28470,"minecraft:sprint_one_cm":130921,"minecraft:damage_taken":1355,"minecraft:walk_one_cm":98781,"minecraft:damage_blocked_by_shield":2247,"minecraft:drop":13,"minecraft:damage_dealt":3117,"minecraft:swim_one_cm":20763,"minecraft:fly_one_cm":169854,"minecraft:open_chest":7,"minecraft:crouch_one_cm":1182,"minecraft:play_time":59965,"minecraft:sneak_time":728,"minecraft:walk_under_water_one_cm":2918,"minecraft:boat_one_cm":37310,"minecraft:jump":1113,"minecraft:walk_on_water_one_cm":12707,"minecraft:total_world_time":59965,"minecraft:fall_one_cm":32560},"minecraft:killed":{"minecraft:pig":3,"minecraft:skeleton":3,"minecraft:sheep":5,"minecraft:zombie":8,"minecraft:cow":3},"minecraft:crafted":{"minecraft:cooked_beef":7,"minecraft:cooked_porkchop":7,"minecraft:crafting_table":1,"minecraft:dark_oak_boat":1,"minecraft:wooden_pickaxe":1,"minecraft:furnace":1,"minecraft:stone_axe":2,"minecraft:air":0,"minecraft:jungle_planks":20,"minecraft:shield":1,"minecraft:stick":20,"minecraft:iron_ingot":5,"minecraft:iron_pickaxe":1,"minecraft:stone_pickaxe":1,"minecraft:wooden_axe":1,"minecraft:stone_sword":1,"minecraft:white_bed":1,"minecraft:dark_oak_planks":16,"minecraft:torch":36}},"DataVersion":3955}