{"stats":{"minecraft:used":{"minecraft:diorite":8,"minecraft:stone_sword":68,"minecraft:stone_pickaxe":97,"minecraft:chest":4,"minecraft:shield":84,"minecraft:wooden_pickaxe":23,"minecraft:torch":45,"minecraft:dirt":66,"minecraft:crafting_table":4,"minecraft:white_bed":2,"minecraft:granite":23,"minecraft:wooden_axe":46,"minecraft:dark_oak_log":1,"minecraft:bread":1,"minecraft:melon_slice":21,"minecraft:iron_pickaxe":235,"minecraft:bamboo":2,"minecraft:stone_axe":161,"minecraft:cobblestone":71,"minecraft:dark_oak_boat":4,"minecraft:furnace":3,"minecraft:cooked_porkchop":7,"minecraft:andesite":4,"minecraft:cooked_beef":7},"minecraft:picked_up":{"minecraft:birch_log":10,"minecraft:crafting_table":4,"minecraft:jungle_log":5,"minecraft:andesite":4,"minecraft:leather":6,"minecraft:dark_oak_boat":4,"minecraft:lead":2,"minecraft:wooden_pickaxe":1,"minecraft:enchanted_book":4,"minecraft:oak_log":18,"minecraft:gunpowder":10,"minecraft:string":12,"minecraft:dirt":66,"minecraft:raw_copper":6,"minecraft:name_tag":2,"minecraft:bone":18,"minecraft:apple":2,"minecraft:wheat_seeds":4,"minecraft:bucket":1,"minecraft:iron_ingot":5,"minecraft:stone_pickaxe":3,"minecraft:beef":7,"minecraft:bamboo":54,"minecraft:sugar_cane":54,"minecraft:melon_slice":75,"minecraft:chest":5,"minecraft:furnace":2,"minecraft:dark_oak_sapling":2,"minecraft:stick":4,"minecraft:raw_iron":54,"minecraft:torch":8,"minecraft:porkchop":7,"minecraft:diorite":8,"minecraft:white_bed":1,"minecraft:dark_oak_log":233,"minecraft:iron_horse_armor":2,"minecraft:dark_oak_planks":2,"minecraft:arrow":10,"minecraft:rotten_flesh":50,"minecraft:granite":24,"minecraft:golden_apple":4,"minecraft:oak_sapling":7,"minecraft:mutton":16,"minecraft:coal":81,"minecraft:white_wool":7,"minecraft:cobblestone":367},"minecraft:mined":{"minecraft:white_bed":1,"minecraft:dark_oak_leaves":12,"minecraft:jungle_leaves":1,"minecraft:dark_oak_log":120,"minecraft:crafting_table":3,"minecraft:torch":1,"minecraft:granite":22,"minecraft:short_grass":20,"minecraft:grass_block":15,"minecraft:melon":9,"minecraft:chest":4,"minecraft:jungle_log":5,"minecraft:tall_grass":1,"minecraft:cobblestone":29,"minecraft:sugar_cane":13,"minecraft:diorite":8,"minecraft:wall_torch":4,"minecraft:furnace":2,"minecraft:birch_log":10,"minecraft:iron_ore":35,"minecraft:birch_leaves":5,"minecraft:andesite":4,"minecraft:oak_log":18,"minecraft:coal_ore":74,"minecraft:vine":1,"minecraft:dirt":43,"minecraft:bamboo_sapling":1,"minecraft:bamboo":2,"minecraft:red_mushroom_block":1,"minecraft:stone":179,"minecraft:oak_leaves":17,"minecraft:fern":2},"minecraft:broken":{"minecraft:stone_axe":1},"minecraft:dropped":{"minecraft:enchanted_book":2,"minecraft:cobblestone":114,"minecraft:golden_apple":2,"minecraft:chest":1,"minecraft:stone_pickaxe":2,"minecraft:bucket":1},"minecraft:custom":{"minecraft:interact_with_furnace":8,"minecraft:mob_kills":27,"minecraft:interact_with_crafting_table":16,"minecraft:time_since_death":83965,"minecraft:sleep_in_bed":3,"minecraft:climb_one_cm":1692,"minecraft:time_since_rest":8485,"minecraft:sprint_one_cm":196229,"minecraft:damage_taken":1455,"minecraft:walk_one_cm":129744,"minecraft:damage_blocked_by_shield":2320,"minecraft:drop":14,"minecraft:damage_dealt":3796,"minecraft:talked_to_villager":1,"minecraft:swim_one_cm":20763,"minecraft:fly_one_cm":237520,"minecraft:open_chest":9,"minecraft:crouch_one_cm":1898,"minecraft:play_time":83965,"minecraft:sneak_time":909,"minecraft:walk_under_water_one_cm":2918,"minecraft:boat_one_cm":37310,"minecraft:jump":1503,"minecraft:walk_on_water_one_cm":14966,"minecraft:total_world_time":83965,"minecraft:fall_one_cm":43068},"minecraft:killed":{"minecraft:pig":3,"minecraft:wandering_trader":1,"minecraft:skeleton":3,"minecraft:sheep":5,"minecraft:trader_llama":2,"minecraft:zombie":8,"minecraft:cow":3},"minecraft:crafted":{"minecraft:cooked_beef":7,"minecraft:cooked_porkchop":7,"minecraft:crafting_table":1,"minecraft:dark_oak_boat":1,"minecraft:wooden_pickaxe":1,"minecraft:furnace":1,"minecraft:bucket":1,"minecraft:stone_axe":2,"minecraft:air":0,"minecraft:jungle_planks":20,"minecraft:shield":1,"minecraft:stick":20,"minecraft:iron_ingot":5,"minecraft:iron_pickaxe":1,"minecraft:stone_pickaxe":1,"minecraft:wooden_axe":1,"minecraft:stone_sword":1,"minecraft:white_bed":1,"minecraft:dark_oak_planks":16,"minecraft:torch":44}},"DataVersion":3955}