{"stats":{"minecraft:used":{"minecraft:elytra":2,"minecraft:chest":1,"minecraft:sugar_cane":8,"minecraft:rotten_flesh":1,"minecraft:white_wool":1,"minecraft:dirt":21,"minecraft:crafting_table":1,"minecraft:white_bed":3,"minecraft:tuff":56,"minecraft:oak_log":2,"minecraft:deepslate":313},"minecraft:picked_up":{"minecraft:ancient_debris":1,"minecraft:oak_log":8,"minecraft:dirt":25,"minecraft:elytra":2,"minecraft:wheat_seeds":14,"minecraft:poppy":1,"minecraft:sugar_cane":24,"minecraft:chest":3181,"minecraft:flowering_azalea":1,"minecraft:end_stone":4,"minecraft:torch":1,"minecraft:white_bed":1,"minecraft:tnt":9,"minecraft:rotten_flesh":2,"minecraft:cactus":1,"minecraft:rib_armor_trim_smithing_template":1,"minecraft:mutton":2,"minecraft:white_wool":1,"minecraft:cobblestone":23},"minecraft:mined":{"minecraft:white_bed":1,"minecraft:dark_oak_leaves":4,"minecraft:jungle_leaves":1,"minecraft:dandelion":1,"minecraft:short_grass":53,"minecraft:grass_block":38,"minecraft:poppy":1,"minecraft:tall_grass":34,"minecraft:sugar_cane":14,"minecraft:wall_torch":1,"minecraft:seagrass":1,"minecraft:tall_seagrass":2,"minecraft:fire":10,"minecraft:tnt":9,"minecraft:oak_log":11,"minecraft:flowering_azalea_leaves":1,"minecraft:vine":3,"minecraft:dirt_path":1,"minecraft:sand":6,"minecraft:dirt":10,"minecraft:azalea_leaves":4,"minecraft:oak_leaves":1,"minecraft:fern":1},"minecraft:dropped":{"minecraft:sugar_cane":5,"minecraft:wheat_seeds":9,"minecraft:oak_log":4,"minecraft:oak_planks":2,"minecraft:poppy":1,"minecraft:dirt":1},"minecraft:custom":{"minecraft:interact_with_furnace":8,"minecraft:mob_kills":3,"minecraft:interact_with_crafting_table":1,"minecraft:leave_game":19,"minecraft:time_since_death":527,"minecraft:climb_one_cm":2795,"minecraft:time_since_rest":531,"minecraft:sprint_one_cm":153989,"minecraft:damage_taken":5049,"minecraft:walk_one_cm":83885,"minecraft:drop":15,"minecraft:damage_dealt":1158,"minecraft:swim_one_cm":4296,"minecraft:fly_one_cm":2201707,"minecraft:player_kills":1,"minecraft:open_chest":31,"minecraft:crouch_one_cm":6180,"minecraft:play_time":112634,"minecraft:deaths":20,"minecraft:sneak_time":4430,"minecraft:walk_under_water_one_cm":25315,"minecraft:aviate_one_cm":586641,"minecraft:jump":1806,"minecraft:walk_on_water_one_cm":11157,"minecraft:total_world_time":112634,"minecraft:fall_one_cm":125933,"minecraft:horse_one_cm":615},"minecraft:killed":{"minecraft:sheep":1,"minecraft:zombie":2},"minecraft:killed_by":{"minecraft:player":4,"minecraft:skeleton":1,"minecraft:creeper":2,"minecraft:spider":1,"minecraft:zombie":3},"minecraft:crafted":{"minecraft:oak_planks":8,"minecraft:crafting_table":1,"minecraft:air":0,"minecraft:stick":4,"minecraft:iron_ingot":1}},"DataVersion":3955}