{"stats":{"minecraft:used":{"minecraft:oak_log":2,"minecraft:chest":1,"minecraft:sugar_cane":8,"minecraft:deepslate":313,"minecraft:rotten_flesh":1,"minecraft:white_wool":1,"minecraft:dirt":10,"minecraft:crafting_table":1,"minecraft:white_bed":3,"minecraft:tuff":56},"minecraft:picked_up":{"minecraft:end_stone":4,"minecraft:torch":1,"minecraft:oak_log":8,"minecraft:ancient_debris":1,"minecraft:white_bed":1,"minecraft:dirt":12,"minecraft:tnt":9,"minecraft:cactus":1,"minecraft:rotten_flesh":2,"minecraft:wheat_seeds":9,"minecraft:rib_armor_trim_smithing_template":1,"minecraft:chest":3181,"minecraft:sugar_cane":24,"minecraft:mutton":2,"minecraft:flowering_azalea":1,"minecraft:white_wool":1,"minecraft:cobblestone":23},"minecraft:mined":{"minecraft:white_bed":1,"minecraft:fire":10,"minecraft:jungle_leaves":1,"minecraft:dandelion":1,"minecraft:tnt":9,"minecraft:short_grass":50,"minecraft:grass_block":33,"minecraft:oak_log":11,"minecraft:dirt_path":1,"minecraft:vine":3,"minecraft:flowering_azalea_leaves":1,"minecraft:sand":6,"minecraft:dirt":9,"minecraft:tall_grass":32,"minecraft:azalea_leaves":4,"minecraft:sugar_cane":14,"minecraft:oak_leaves":1,"minecraft:wall_torch":1,"minecraft:fern":1},"minecraft:dropped":{"minecraft:dirt":1,"minecraft:sugar_cane":5,"minecraft:wheat_seeds":4,"minecraft:oak_log":4,"minecraft:oak_planks":2},"minecraft:custom":{"minecraft:time_since_rest":7462,"minecraft:interact_with_furnace":8,"minecraft:sprint_one_cm":131371,"minecraft:damage_taken":3499,"minecraft:walk_one_cm":70795,"minecraft:mob_kills":3,"minecraft:drop":12,"minecraft:damage_dealt":1090,"minecraft:player_kills":1,"minecraft:swim_one_cm":4188,"minecraft:interact_with_crafting_table":1,"minecraft:fly_one_cm":1802471,"minecraft:open_chest":28,"minecraft:crouch_one_cm":5478,"minecraft:sneak_time":4164,"minecraft:play_time":82634,"minecraft:deaths":14,"minecraft:walk_under_water_one_cm":19910,"minecraft:jump":1515,"minecraft:leave_game":19,"minecraft:walk_on_water_one_cm":7529,"minecraft:time_since_death":7459,"minecraft:total_world_time":82634,"minecraft:climb_one_cm":2485,"minecraft:fall_one_cm":105033,"minecraft:horse_one_cm":615},"minecraft:killed_by":{"minecraft:player":4,"minecraft:skeleton":1,"minecraft:creeper":1,"minecraft:zombie":2},"minecraft:killed":{"minecraft:sheep":1,"minecraft:zombie":2},"minecraft:crafted":{"minecraft:oak_planks":8,"minecraft:crafting_table":1,"minecraft:stick":4,"minecraft:iron_ingot":1,"minecraft:air":0}},"DataVersion":3955}