{"stats":{"minecraft:used":{"minecraft:elytra":2,"minecraft:chest":1,"minecraft:sugar_cane":8,"minecraft:rotten_flesh":1,"minecraft:white_wool":1,"minecraft:dirt":25,"minecraft:crafting_table":1,"minecraft:white_bed":3,"minecraft:tuff":56,"minecraft:oak_log":2,"minecraft:deepslate":313},"minecraft:picked_up":{"minecraft:cocoa_beans":6,"minecraft:ancient_debris":1,"minecraft:oak_log":8,"minecraft:dirt":29,"minecraft:elytra":2,"minecraft:wheat_seeds":18,"minecraft:poppy":1,"minecraft:sugar_cane":24,"minecraft:chest":3181,"minecraft:flowering_azalea":1,"minecraft:end_stone":4,"minecraft:torch":1,"minecraft:white_bed":1,"minecraft:tnt":9,"minecraft:rotten_flesh":2,"minecraft:cactus":1,"minecraft:rib_armor_trim_smithing_template":1,"minecraft:mutton":2,"minecraft:white_wool":1,"minecraft:cobblestone":23},"minecraft:mined":{"minecraft:white_bed":1,"minecraft:dark_oak_leaves":4,"minecraft:jungle_leaves":1,"minecraft:dandelion":1,"minecraft:short_grass":85,"minecraft:grass_block":51,"minecraft:poppy":1,"minecraft:jungle_log":2,"minecraft:tall_grass":37,"minecraft:sugar_cane":14,"minecraft:wall_torch":1,"minecraft:seagrass":1,"minecraft:tall_seagrass":2,"minecraft:fire":10,"minecraft:tnt":9,"minecraft:flowering_azalea_leaves":1,"minecraft:oak_log":11,"minecraft:vine":3,"minecraft:cocoa":2,"minecraft:dirt_path":1,"minecraft:sand":6,"minecraft:dirt":10,"minecraft:azalea_leaves":4,"minecraft:oak_leaves":2,"minecraft:fern":1},"minecraft:dropped":{"minecraft:sugar_cane":5,"minecraft:wheat_seeds":13,"minecraft:oak_log":4,"minecraft:oak_planks":2,"minecraft:poppy":1,"minecraft:dirt":1},"minecraft:custom":{"minecraft:interact_with_furnace":8,"minecraft:mob_kills":3,"minecraft:interact_with_crafting_table":1,"minecraft:leave_game":22,"minecraft:time_since_death":4179,"minecraft:climb_one_cm":4745,"minecraft:time_since_rest":4183,"minecraft:sprint_one_cm":160322,"minecraft:damage_taken":5303,"minecraft:walk_one_cm":84840,"minecraft:drop":19,"minecraft:damage_dealt":1158,"minecraft:swim_one_cm":4532,"minecraft:fly_one_cm":2447001,"minecraft:player_kills":1,"minecraft:open_chest":31,"minecraft:crouch_one_cm":6180,"minecraft:play_time":119531,"minecraft:deaths":21,"minecraft:sneak_time":4430,"minecraft:walk_under_water_one_cm":27225,"minecraft:aviate_one_cm":586641,"minecraft:jump":1940,"minecraft:walk_on_water_one_cm":11386,"minecraft:total_world_time":119531,"minecraft:fall_one_cm":131050,"minecraft:horse_one_cm":615},"minecraft:killed":{"minecraft:sheep":1,"minecraft:zombie":2},"minecraft:killed_by":{"minecraft:player":4,"minecraft:skeleton":1,"minecraft:creeper":3,"minecraft:spider":1,"minecraft:zombie":3},"minecraft:crafted":{"minecraft:oak_planks":8,"minecraft:crafting_table":1,"minecraft:air":0,"minecraft:stick":4,"minecraft:iron_ingot":1}},"DataVersion":3955}