{"stats":{"minecraft:used":{"minecraft:oak_log":2,"minecraft:chest":1,"minecraft:deepslate":313,"minecraft:white_wool":1,"minecraft:crafting_table":1,"minecraft:white_bed":3,"minecraft:tuff":56},"minecraft:picked_up":{"minecraft:end_stone":4,"minecraft:torch":1,"minecraft:oak_log":8,"minecraft:ancient_debris":1,"minecraft:white_bed":1,"minecraft:dirt":2,"minecraft:tnt":9,"minecraft:cactus":1,"minecraft:rotten_flesh":1,"minecraft:wheat_seeds":6,"minecraft:rib_armor_trim_smithing_template":1,"minecraft:mutton":2,"minecraft:chest":3181,"minecraft:sugar_cane":16,"minecraft:flowering_azalea":1,"minecraft:white_wool":1,"minecraft:cobblestone":23},"minecraft:mined":{"minecraft:white_bed":1,"minecraft:fire":10,"minecraft:jungle_leaves":1,"minecraft:dandelion":1,"minecraft:tnt":9,"minecraft:short_grass":31,"minecraft:grass_block":18,"minecraft:oak_log":11,"minecraft:vine":3,"minecraft:dirt_path":1,"minecraft:flowering_azalea_leaves":1,"minecraft:sand":6,"minecraft:dirt":3,"minecraft:tall_grass":26,"minecraft:azalea_leaves":4,"minecraft:sugar_cane":10,"minecraft:oak_leaves":1,"minecraft:wall_torch":1,"minecraft:fern":1},"minecraft:dropped":{"minecraft:dirt":1,"minecraft:sugar_cane":5,"minecraft:wheat_seeds":3,"minecraft:oak_log":4,"minecraft:oak_planks":2},"minecraft:custom":{"minecraft:time_since_rest":999,"minecraft:interact_with_furnace":8,"minecraft:sprint_one_cm":105211,"minecraft:damage_taken":2900,"minecraft:walk_one_cm":56363,"minecraft:mob_kills":2,"minecraft:drop":11,"minecraft:damage_dealt":614,"minecraft:swim_one_cm":467,"minecraft:interact_with_crafting_table":1,"minecraft:fly_one_cm":1523284,"minecraft:open_chest":28,"minecraft:crouch_one_cm":1385,"minecraft:sneak_time":1205,"minecraft:play_time":67941,"minecraft:deaths":12,"minecraft:walk_under_water_one_cm":13402,"minecraft:jump":1161,"minecraft:leave_game":15,"minecraft:walk_on_water_one_cm":6481,"minecraft:time_since_death":995,"minecraft:total_world_time":67941,"minecraft:climb_one_cm":2154,"minecraft:fall_one_cm":66778,"minecraft:horse_one_cm":615},"minecraft:killed_by":{"minecraft:player":2,"minecraft:skeleton":1,"minecraft:creeper":1,"minecraft:zombie":2},"minecraft:killed":{"minecraft:sheep":1,"minecraft:zombie":1},"minecraft:crafted":{"minecraft:oak_planks":8,"minecraft:crafting_table":1,"minecraft:stick":4,"minecraft:iron_ingot":1,"minecraft:air":0}},"DataVersion":3955}