{"stats":{"minecraft:used":{"minecraft:oak_fence":32,"minecraft:stone_sword":182,"minecraft:flint_and_steel":11,"minecraft:stone_shovel":131,"minecraft:chest":4,"minecraft:shield":3,"minecraft:iron_sword":14,"minecraft:wooden_shovel":266,"minecraft:bell":1,"minecraft:oak_door":2,"minecraft:torch":66,"minecraft:brewing_stand":2,"minecraft:dirt":153,"minecraft:iron_axe":1,"minecraft:bamboo":40,"minecraft:golden_sword":33,"minecraft:beef":17,"minecraft:furnace":2,"minecraft:egg":1,"minecraft:potato":11,"minecraft:wheat_seeds":18,"minecraft:birch_planks":41,"minecraft:stone_pickaxe":83,"minecraft:oak_planks":183,"minecraft:wooden_pickaxe":20,"minecraft:composter":2,"minecraft:sugar_cane":59,"minecraft:crafting_table":5,"minecraft:wooden_hoe":62,"minecraft:apple":3,"minecraft:melon_slice":41,"minecraft:bread":10,"minecraft:iron_pickaxe":33,"minecraft:lectern":1,"minecraft:stone_axe":257,"minecraft:cobblestone":45,"minecraft:yellow_bed":6,"minecraft:oak_boat":1},"minecraft:picked_up":{"minecraft:crafting_table":3,"minecraft:wheat":17,"minecraft:brewing_stand":2,"minecraft:golden_sword":2,"minecraft:beef":34,"minecraft:lectern":1,"minecraft:melon_slice":113,"minecraft:sugar_cane":390,"minecraft:birch_sapling":1,"minecraft:egg":1,"minecraft:stick":3,"minecraft:raw_iron":23,"minecraft:oak_door":2,"minecraft:composter":2,"minecraft:oak_fence":34,"minecraft:torch":3,"minecraft:porkchop":29,"minecraft:carrot":15,"minecraft:rotten_flesh":9,"minecraft:beetroot_seeds":4,"minecraft:hay_block":57,"minecraft:mutton":11,"minecraft:cobblestone":80,"minecraft:white_wool":6,"minecraft:birch_log":13,"minecraft:jungle_log":14,"minecraft:leather":22,"minecraft:potato":11,"minecraft:oak_log":90,"minecraft:yellow_bed":7,"minecraft:dirt":515,"minecraft:apple":1,"minecraft:bow":1,"minecraft:wheat_seeds":160,"minecraft:bell":1,"minecraft:oak_fence_gate":6,"minecraft:bamboo":59,"minecraft:oak_planks":60,"minecraft:gravel":1,"minecraft:jungle_planks":40,"minecraft:white_bed":1,"minecraft:stone_axe":2,"minecraft:gray_wool":1,"minecraft:black_wool":1,"minecraft:coal":39},"minecraft:mined":{"minecraft:white_bed":1,"minecraft:oak_door":1,"minecraft:brewing_stand":2,"minecraft:grass_block":350,"minecraft:jungle_log":15,"minecraft:composter":2,"minecraft:hay_block":58,"minecraft:carrots":15,"minecraft:iron_ore":22,"minecraft:fire":8,"minecraft:andesite":1,"minecraft:bell":1,"minecraft:potatoes":11,"minecraft:deepslate_iron_ore":2,"minecraft:vine":1,"minecraft:dirt_path":1,"minecraft:bamboo_sapling":1,"minecraft:azalea_leaves":1,"minecraft:bamboo":15,"minecraft:stone":29,"minecraft:oak_fence":36,"minecraft:crafting_table":4,"minecraft:short_grass":571,"minecraft:melon":24,"minecraft:lectern":1,"minecraft:cobblestone":3,"minecraft:tall_grass":28,"minecraft:sugar_cane":80,"minecraft:oak_planks":7,"minecraft:birch_log":13,"minecraft:wheat":42,"minecraft:yellow_bed":7,"minecraft:coal_ore":41,"minecraft:oak_log":89,"minecraft:beetroots":4,"minecraft:oak_fence_gate":6,"minecraft:dirt":113,"minecraft:gravel":1,"minecraft:red_mushroom_block":4,"minecraft:oak_leaves":2,"minecraft:fern":54},"minecraft:broken":{"minecraft:wooden_shovel":4,"minecraft:stone_sword":1,"minecraft:golden_sword":1,"minecraft:stone_axe":1,"minecraft:stone_shovel":1},"minecraft:dropped":{"minecraft:bread":37,"minecraft:dirt":81,"minecraft:stone_axe":1,"minecraft:birch_sapling":1,"minecraft:beetroot_seeds":4,"minecraft:golden_sword":1,"minecraft:stone_pickaxe":1,"minecraft:wooden_pickaxe":1},"minecraft:custom":{"minecraft:mob_kills":49,"minecraft:interact_with_crafting_table":17,"minecraft:bell_ring":4,"minecraft:leave_game":3,"minecraft:time_since_death":24928,"minecraft:climb_one_cm":5896,"minecraft:sprint_one_cm":390857,"minecraft:walk_one_cm":267244,"minecraft:damage_blocked_by_shield":85,"minecraft:drop":47,"minecraft:talked_to_villager":2,"minecraft:play_time":113052,"minecraft:deaths":1,"minecraft:sneak_time":7427,"minecraft:walk_under_water_one_cm":18390,"minecraft:jump":2266,"minecraft:walk_on_water_one_cm":29988,"minecraft:total_world_time":113052,"minecraft:interact_with_furnace":13,"minecraft:sleep_in_bed":5,"minecraft:time_since_rest":11392,"minecraft:damage_taken":1476,"minecraft:damage_dealt":6304,"minecraft:swim_one_cm":70643,"minecraft:player_kills":1,"minecraft:fly_one_cm":473189,"minecraft:open_chest":46,"minecraft:crouch_one_cm":25217,"minecraft:fall_one_cm":62914},"minecraft:killed_by":{"minecraft:zombie":1},"minecraft:killed":{"minecraft:skeleton":2,"minecraft:pig":14,"minecraft:sheep":8,"minecraft:zombie":8,"minecraft:cow":15},"minecraft:crafted":{"minecraft:oak_planks":228,"minecraft:stone_shovel":1,"minecraft:furnace":2,"minecraft:cooked_mutton":3,"minecraft:iron_axe":1,"minecraft:stone_pickaxe":2,"minecraft:chest":4,"minecraft:wheat":180,"minecraft:wooden_shovel":4,"minecraft:cooked_porkchop":29,"minecraft:crafting_table":2,"minecraft:wooden_pickaxe":1,"minecraft:iron_sword":1,"minecraft:birch_planks":52,"minecraft:stone_axe":2,"minecraft:bread":60,"minecraft:air":0,"minecraft:jungle_planks":56,"minecraft:oak_boat":1,"minecraft:wooden_hoe":1,"minecraft:shield":1,"minecraft:stick":56,"minecraft:iron_ingot":10,"minecraft:iron_pickaxe":1,"minecraft:stone_sword":1,"minecraft:torch":84}},"DataVersion":3955}