{"stats":{"minecraft:used":{"minecraft:oak_fence":32,"minecraft:wheat_seeds":18,"minecraft:stone_sword":182,"minecraft:flint_and_steel":9,"minecraft:birch_planks":41,"minecraft:stone_shovel":131,"minecraft:stone_pickaxe":83,"minecraft:oak_planks":177,"minecraft:chest":4,"minecraft:wooden_pickaxe":20,"minecraft:composter":2,"minecraft:bell":1,"minecraft:wooden_shovel":266,"minecraft:sugar_cane":59,"minecraft:oak_door":2,"minecraft:torch":34,"minecraft:brewing_stand":2,"minecraft:dirt":153,"minecraft:crafting_table":4,"minecraft:wooden_hoe":62,"minecraft:apple":3,"minecraft:bread":10,"minecraft:melon_slice":41,"minecraft:lectern":1,"minecraft:bamboo":40,"minecraft:stone_axe":242,"minecraft:golden_sword":33,"minecraft:cobblestone":45,"minecraft:beef":13,"minecraft:furnace":2,"minecraft:yellow_bed":4,"minecraft:oak_boat":1,"minecraft:egg":1,"minecraft:potato":11},"minecraft:picked_up":{"minecraft:birch_log":13,"minecraft:crafting_table":3,"minecraft:wheat":17,"minecraft:jungle_log":14,"minecraft:leather":22,"minecraft:potato":11,"minecraft:oak_log":90,"minecraft:brewing_stand":2,"minecraft:yellow_bed":6,"minecraft:golden_sword":2,"minecraft:dirt":515,"minecraft:apple":1,"minecraft:wheat_seeds":157,"minecraft:bell":1,"minecraft:beef":34,"minecraft:oak_fence_gate":6,"minecraft:bamboo":59,"minecraft:lectern":1,"minecraft:melon_slice":113,"minecraft:sugar_cane":390,"minecraft:birch_sapling":1,"minecraft:oak_planks":56,"minecraft:egg":1,"minecraft:stick":3,"minecraft:oak_door":2,"minecraft:composter":2,"minecraft:oak_fence":34,"minecraft:torch":2,"minecraft:gravel":1,"minecraft:porkchop":29,"minecraft:jungle_planks":40,"minecraft:white_bed":1,"minecraft:carrot":15,"minecraft:stone_axe":1,"minecraft:rotten_flesh":5,"minecraft:beetroot_seeds":4,"minecraft:hay_block":57,"minecraft:gray_wool":1,"minecraft:black_wool":1,"minecraft:mutton":11,"minecraft:coal":32,"minecraft:white_wool":6,"minecraft:cobblestone":80},"minecraft:mined":{"minecraft:white_bed":1,"minecraft:oak_door":1,"minecraft:brewing_stand":2,"minecraft:oak_fence":36,"minecraft:crafting_table":3,"minecraft:short_grass":565,"minecraft:grass_block":350,"minecraft:melon":24,"minecraft:jungle_log":15,"minecraft:lectern":1,"minecraft:tall_grass":25,"minecraft:cobblestone":3,"minecraft:composter":2,"minecraft:oak_planks":3,"minecraft:sugar_cane":80,"minecraft:hay_block":58,"minecraft:carrots":15,"minecraft:birch_log":13,"minecraft:wheat":42,"minecraft:fire":8,"minecraft:yellow_bed":6,"minecraft:bell":1,"minecraft:oak_log":89,"minecraft:potatoes":11,"minecraft:coal_ore":34,"minecraft:vine":1,"minecraft:beetroots":4,"minecraft:dirt_path":1,"minecraft:oak_fence_gate":6,"minecraft:gravel":1,"minecraft:dirt":113,"minecraft:bamboo_sapling":1,"minecraft:azalea_leaves":1,"minecraft:bamboo":15,"minecraft:red_mushroom_block":4,"minecraft:stone":28,"minecraft:oak_leaves":2,"minecraft:fern":54},"minecraft:broken":{"minecraft:golden_sword":1,"minecraft:wooden_shovel":4,"minecraft:stone_sword":1,"minecraft:stone_axe":1,"minecraft:stone_shovel":1},"minecraft:dropped":{"minecraft:bread":37,"minecraft:birch_sapling":1,"minecraft:dirt":81,"minecraft:beetroot_seeds":2,"minecraft:golden_sword":1,"minecraft:stone_pickaxe":1,"minecraft:wooden_pickaxe":1},"minecraft:custom":{"minecraft:interact_with_furnace":13,"minecraft:mob_kills":43,"minecraft:interact_with_crafting_table":15,"minecraft:bell_ring":4,"minecraft:leave_game":3,"minecraft:time_since_death":12958,"minecraft:sleep_in_bed":4,"minecraft:climb_one_cm":5896,"minecraft:time_since_rest":8458,"minecraft:sprint_one_cm":351837,"minecraft:damage_taken":1334,"minecraft:walk_one_cm":251185,"minecraft:drop":45,"minecraft:damage_dealt":4919,"minecraft:swim_one_cm":60612,"minecraft:talked_to_villager":2,"minecraft:fly_one_cm":417884,"minecraft:player_kills":1,"minecraft:open_chest":46,"minecraft:deaths":1,"minecraft:crouch_one_cm":19927,"minecraft:play_time":101082,"minecraft:sneak_time":5846,"minecraft:walk_under_water_one_cm":18071,"minecraft:jump":2005,"minecraft:walk_on_water_one_cm":29455,"minecraft:total_world_time":101082,"minecraft:fall_one_cm":54627},"minecraft:killed_by":{"minecraft:zombie":1},"minecraft:killed":{"minecraft:pig":14,"minecraft:sheep":8,"minecraft:zombie":5,"minecraft:cow":15},"minecraft:crafted":{"minecraft:oak_planks":228,"minecraft:wooden_shovel":4,"minecraft:stone_shovel":1,"minecraft:cooked_porkchop":29,"minecraft:crafting_table":1,"minecraft:wooden_pickaxe":1,"minecraft:furnace":2,"minecraft:birch_planks":52,"minecraft:stone_axe":2,"minecraft:bread":60,"minecraft:cooked_mutton":3,"minecraft:air":0,"minecraft:jungle_planks":56,"minecraft:oak_boat":1,"minecraft:wooden_hoe":1,"minecraft:stick":28,"minecraft:iron_ingot":10,"minecraft:stone_pickaxe":2,"minecraft:stone_sword":1,"minecraft:chest":4,"minecraft:torch":32,"minecraft:wheat":180}},"DataVersion":3955}