{"stats":{"minecraft:used":{"minecraft:purpur_block":9,"minecraft:flint_and_steel":1,"minecraft:elytra":2,"minecraft:shield":27,"minecraft:iron_sword":410,"minecraft:netherrack":1,"minecraft:torch":2,"minecraft:dirt":131,"minecraft:nether_bricks":8,"minecraft:shulker_box":6,"minecraft:golden_chestplate":4,"minecraft:wooden_axe":17,"minecraft:lava_bucket":11,"minecraft:bamboo":27,"minecraft:diamond_chestplate":3,"minecraft:golden_sword":61,"minecraft:beef":1,"minecraft:furnace":2,"minecraft:cooked_beef":8,"minecraft:golden_boots":5,"minecraft:water_bucket":119,"minecraft:end_stone_bricks":1,"minecraft:chorus_fruit":12,"minecraft:stone_pickaxe":52,"minecraft:oak_planks":15,"minecraft:ender_pearl":5,"minecraft:wooden_pickaxe":3,"minecraft:sugar_cane":501,"minecraft:warped_roots":2,"minecraft:golden_apple":1,"minecraft:sand":1,"minecraft:crafting_table":4,"minecraft:white_bed":1,"minecraft:oak_log":1,"minecraft:ender_eye":14,"minecraft:diamond_pickaxe":77,"minecraft:diamond_shovel":236,"minecraft:string":1,"minecraft:gravel":3,"minecraft:stone_axe":14,"minecraft:diamond_sword":75,"minecraft:cobblestone":31,"minecraft:porkchop":4,"minecraft:cooked_porkchop":4,"minecraft:bucket":132,"minecraft:oak_boat":1},"minecraft:picked_up":{"minecraft:shulker_shell":15,"minecraft:crafting_table":4,"minecraft:diamond_horse_armor":9,"minecraft:purpur_block":11,"minecraft:golden_sword":4,"minecraft:shield":7,"minecraft:string":1,"minecraft:elytra":2,"minecraft:wooden_sword":1,"minecraft:flint_and_steel":9,"minecraft:iron_leggings":1,"minecraft:bucket":4,"minecraft:beef":11,"minecraft:oak_boat":2,"minecraft:ender_eye":12,"minecraft:light_gray_wool":1,"minecraft:iron_pickaxe":1,"minecraft:sugar_cane":501,"minecraft:stick":17,"minecraft:raw_iron":6,"minecraft:torch":3,"minecraft:porkchop":19,"minecraft:diorite":6,"minecraft:golden_chestplate":3,"minecraft:arrow":5,"minecraft:rotten_flesh":1,"minecraft:nether_bricks":18,"minecraft:iron_block":4,"minecraft:end_rod":1,"minecraft:gold_ingot":36,"minecraft:blaze_rod":11,"minecraft:obsidian":56,"minecraft:mutton":3,"minecraft:blaze_powder":16,"minecraft:white_wool":5,"minecraft:cobblestone":176,"minecraft:birch_log":6,"minecraft:cooked_beef":4,"minecraft:water_bucket":2,"minecraft:leather":16,"minecraft:flint":4,"minecraft:oak_log":6,"minecraft:ancient_debris":4,"minecraft:golden_boots":6,"minecraft:gunpowder":2,"minecraft:lapis_lazuli":12,"minecraft:dirt":214,"minecraft:cooked_mutton":4,"minecraft:bone":6,"minecraft:bow":1,"minecraft:wheat_seeds":2,"minecraft:stone_pickaxe":8,"minecraft:iron_ingot":131,"minecraft:mossy_stone_bricks":3,"minecraft:glass_bottle":1,"minecraft:bamboo":61,"minecraft:iron_sword":5,"minecraft:oak_planks":101,"minecraft:ghast_tear":5,"minecraft:cooked_porkchop":5,"minecraft:gravel":3,"minecraft:sand":2,"minecraft:white_bed":4,"minecraft:shulker_box":6,"minecraft:diamond":6,"minecraft:stone_axe":2,"minecraft:golden_apple":3,"minecraft:warped_roots":27,"minecraft:chorus_fruit":28,"minecraft:netherrack":1,"minecraft:warped_nylium":12,"minecraft:coal":2,"minecraft:end_stone_bricks":1,"minecraft:crimson_roots":1,"minecraft:diamond_pickaxe":7,"minecraft:ender_pearl":41},"minecraft:mined":{"minecraft:shulker_box":6,"minecraft:nether_bricks":12,"minecraft:grass_block":52,"minecraft:frosted_ice":7,"minecraft:spawner":1,"minecraft:nether_sprouts":1,"minecraft:iron_ore":6,"minecraft:fire":15,"minecraft:dirt_path":1,"minecraft:iron_bars":1,"minecraft:chorus_plant":3,"minecraft:bamboo":8,"minecraft:end_stone_bricks":1,"minecraft:stone":65,"minecraft:glass_pane":1,"minecraft:magenta_stained_glass":2,"minecraft:crafting_table":3,"minecraft:short_grass":10,"minecraft:warped_roots":5,"minecraft:tall_grass":2,"minecraft:cobblestone":9,"minecraft:sugar_cane":94,"minecraft:diorite":3,"minecraft:birch_log":6,"minecraft:warped_fungus":1,"minecraft:purpur_block":12,"minecraft:oak_log":5,"minecraft:coal_ore":2,"minecraft:gravel":4,"minecraft:sand":1,"minecraft:dirt":180,"minecraft:netherrack":2,"minecraft:mossy_stone_bricks":1},"minecraft:broken":{"minecraft:golden_sword":1},"minecraft:dropped":{"minecraft:iron_sword":2,"minecraft:porkchop":13,"minecraft:wheat_seeds":2,"minecraft:lapis_lazuli":12,"minecraft:cooked_beef":3,"minecraft:glass_bottle":1,"minecraft:crafting_table":1,"minecraft:cobblestone":26,"minecraft:warped_roots":21,"minecraft:leather":4,"minecraft:stick":10,"minecraft:flint":1,"minecraft:end_rod":1,"minecraft:iron_block":1,"minecraft:dirt":83,"minecraft:diorite":6,"minecraft:torch":1,"minecraft:mutton":3,"minecraft:crimson_roots":1,"minecraft:wooden_axe":1,"minecraft:iron_leggings":1,"minecraft:wooden_sword":1,"minecraft:sand":1,"minecraft:iron_pickaxe":1,"minecraft:white_wool":5,"minecraft:bone":2,"minecraft:purpur_block":2,"minecraft:warped_nylium":7,"minecraft:nether_wart":2,"minecraft:golden_chestplate":1,"minecraft:blaze_rod":6,"minecraft:rotten_flesh":1,"minecraft:light_gray_wool":1,"minecraft:shield":1,"minecraft:mossy_stone_bricks":3,"minecraft:golden_sword":1,"minecraft:bamboo":34,"minecraft:wooden_pickaxe":1,"minecraft:bow":1,"minecraft:arrow":3,"minecraft:stone_pickaxe":1},"minecraft:custom":{"minecraft:mob_kills":94,"minecraft:interact_with_crafting_table":19,"minecraft:open_shulker_box":7,"minecraft:leave_game":4,"minecraft:time_since_death":94612,"minecraft:climb_one_cm":454,"minecraft:sprint_one_cm":2666,"minecraft:walk_one_cm":2326776,"minecraft:damage_blocked_by_shield":1200,"minecraft:drop":66,"minecraft:talked_to_villager":2,"minecraft:play_time":142834,"minecraft:deaths":10,"minecraft:sneak_time":5281,"minecraft:walk_under_water_one_cm":75370,"minecraft:boat_one_cm":112504,"minecraft:jump":2252,"minecraft:walk_on_water_one_cm":49709,"minecraft:total_world_time":142834,"minecraft:interact_with_furnace":9,"minecraft:time_since_rest":94641,"minecraft:open_enderchest":1,"minecraft:damage_taken":4310,"minecraft:damage_absorbed":40,"minecraft:damage_dealt":27754,"minecraft:swim_one_cm":3715,"minecraft:fly_one_cm":1179503,"minecraft:player_kills":2,"minecraft:open_chest":50,"minecraft:crouch_one_cm":157092,"minecraft:aviate_one_cm":531343,"minecraft:fall_one_cm":270},"minecraft:killed":{"minecraft:spider":1,"minecraft:shulker":24,"minecraft:skeleton":5,"minecraft:silverfish":1,"minecraft:pig":4,"minecraft:creeper":3,"minecraft:sheep":3,"minecraft:zombie":4,"minecraft:ghast":1,"minecraft:wither_skeleton":1,"minecraft:blaze":11,"minecraft:enderman":29,"minecraft:cow":5},"minecraft:killed_by":{"minecraft:wither_skeleton":1,"minecraft:enderman":2,"minecraft:ender_dragon":2,"minecraft:skeleton":1,"minecraft:blaze":1},"minecraft:crafted":{"minecraft:oak_planks":28,"minecraft:golden_chestplate":1,"minecraft:furnace":2,"minecraft:shulker_box":3,"minecraft:flint_and_steel":1,"minecraft:stone_pickaxe":1,"minecraft:chest":3,"minecraft:ender_eye":16,"minecraft:cooked_beef":7,"minecraft:diamond_sword":1,"minecraft:crafting_table":2,"minecraft:wooden_pickaxe":1,"minecraft:iron_sword":1,"minecraft:bucket":7,"minecraft:birch_planks":24,"minecraft:stone_axe":1,"minecraft:air":0,"minecraft:shield":1,"minecraft:stick":12,"minecraft:iron_ingot":5,"minecraft:wooden_axe":1}},"DataVersion":3955}